slug,left,top,right,bottom,face_top_frac,face_centre_frac,face_bottom_frac,clamped
aaron-hickey,1062,187,1619,883,0.1494,0.2744,0.3994,False
achraf-hakimi,1252,114,2391,1538,0.1503,0.2753,0.4003,False
adam-marusic,722,44,1874,1484,0.15,0.275,0.4,False
ademola-lookman,1051,0,2833,2227,0.0454,0.1828,0.3202,True
adrien-rabiot,1142,177,2185,1481,0.1503,0.2753,0.4003,False
albert-gudmundsson,1054,183,1550,803,0.15,0.275,0.4,False
aleix-garcia,2040,27,3452,1791,0.1502,0.2752,0.4002,False
alejandro-balde,1636,342,2632,1586,0.1503,0.2753,0.4003,False
alejandro-catena,1122,0,2062,1176,0.1207,0.2457,0.3707,True
alejandro-garnacho,967,142,1799,1182,0.15,0.275,0.4,False
aleksandar-mitrovic,1340,112,2608,1696,0.1503,0.2753,0.4003,False
alessandro-bastoni,1509,259,4117,3519,0.15,0.275,0.4,False
alessandro-buongiorno,1352,178,2081,1090,0.1502,0.2752,0.4002,False
alessio-romagnoli,859,168,2056,1664,0.1497,0.2747,0.3997,False
alex-baena,1177,357,2941,2561,0.1502,0.2752,0.4002,False
alex-grimaldo,1110,0,2685,1969,0.1463,0.3608,0.5754,True
alex-meret,796,0,1948,1440,0.084,0.209,0.334,True
alex-moreno,1230,466,2302,1806,0.15,0.275,0.4,False
alex-remiro,1162,0,2890,2160,0.1162,0.275,0.4338,True
alexander-isak,1128,43,2389,1619,0.1497,0.2747,0.3997,False
alexander-sorloth,672,64,2515,2368,0.1502,0.2752,0.4002,False
alexandr-golovin,1385,299,2316,1463,0.1503,0.2753,0.4003,False
alexis-mac-allister,843,10,2338,1878,0.2473,0.3723,0.4973,True
alexis-saelemaekers,620,282,1976,1978,0.1498,0.2748,0.3998,False
alfonso-pedraza,1466,209,2496,1497,0.1498,0.2748,0.3998,False
alfred-duncan,276,0,2690,3018,0.1034,0.2719,0.4404,True
alisson,1098,0,2826,2160,0.2148,0.3671,0.5194,True
allan-saint-maximin,1127,0,2647,1900,0.1037,0.2582,0.4126,True
alphonso-davies,1374,117,2302,1277,0.15,0.275,0.4,False
alvaro-fidalgo,257,63,1908,2127,0.1502,0.2752,0.4002,False
alvaro-garcia,1320,192,2731,1956,0.1502,0.2752,0.4002,False
alvaro-morata,852,0,2580,2160,0.275,0.4338,0.5926,True
amadou-haidara,1012,480,2381,2192,0.1501,0.2751,0.4001,False
amir-rrahmani,1490,205,2236,1137,0.1502,0.2752,0.4002,False
ander-barrenetxea,2196,80,3048,1144,0.1504,0.2754,0.4004,False
andre-franck-zambo-anguissa,1496,142,2114,914,0.1503,0.2753,0.4003,False
andrea-cambiaso,1051,0,2577,1908,0.1195,0.2445,0.3695,True
andrea-colpani,1962,0,4483,3152,0.1494,0.2744,0.3994,True
andreas-christensen,1132,173,1682,861,0.1497,0.2747,0.3997,False
andrej-kramaric,1032,0,2452,1776,0.0929,0.2179,0.3429,True
andrew-robertson,1640,0,4353,3392,0.2193,0.3653,0.5112,True
andriy-lunin,1382,84,2678,1704,0.15,0.275,0.4,False
angel-di-maria,901,0,2629,2160,0.1032,0.2535,0.4037,True
ansu-fati,788,0,2516,2160,0.2042,0.3479,0.4917,True
anthony-gordon,881,0,2501,2024,0.2342,0.4261,0.6181,True
antoine-griezmann,1114,10,2819,2142,0.1501,0.2751,0.4001,False
antonio-rudiger,1028,0,2756,2160,0.1333,0.291,0.4486,True
antonio-silva,0,154,3053,3970,0.1499,0.2826,0.4154,True
antony,528,100,1716,1584,0.1503,0.2753,0.4003,False
arkadiusz-milik,764,9,2512,2193,0.1502,0.2752,0.4002,False
arnaut-danjuma,177,24,1758,2000,0.1554,0.2804,0.4054,True
artem-dovbyk,1386,0,3498,2640,0.1894,0.3267,0.464,True
arthur,1646,0,4846,4000,0.26,0.392,0.524,True
aurelien-tchouameni,1044,0,2844,2250,0.112,0.2418,0.3716,True
axel-disasi,710,0,2438,2160,0.1421,0.3192,0.4963,True
aymeric-laporte,960,0,2760,2250,0.1569,0.3189,0.4809,True
ayoze-perez,469,372,1384,1516,0.1503,0.2753,0.4003,False
ben-chilwell,974,27,2590,2047,0.15,0.275,0.4,False
ben-davies,1264,70,2279,1338,0.1498,0.2748,0.3998,False
benjamin-henrichs,600,0,1464,1080,0.138,0.3009,0.4639,True
benjamin-pavard,1178,134,2462,1738,0.1502,0.2752,0.4002,False
benjamin-white,1090,0,2818,2160,0.1806,0.3308,0.481,True
benoit-badiashile,841,52,1664,1080,0.1498,0.2748,0.3998,False
bernardo-silva,1128,0,2856,2160,0.1569,0.3255,0.494,True
bernd-leno,1201,221,2670,2057,0.1498,0.2748,0.3998,False
beto,1383,0,3957,3218,0.1377,0.2676,0.3975,True
billy-gilmour,952,0,2916,2455,0.2538,0.4405,0.6273,True
borja-iglesias,915,316,1612,1188,0.1502,0.2752,0.4002,False
borja-mayoral,766,452,1486,1352,0.15,0.275,0.4,False
boubacar-kamara,1220,23,2464,1579,0.1497,0.2747,0.3997,False
bradley-barcola,1561,0,3777,2771,0.1591,0.29,0.4208,True
brahim-diaz,1343,165,2738,1909,0.1502,0.2752,0.4002,False
breel-embolo,1314,0,2962,2060,0.1218,0.2468,0.3718,True
bremer,776,0,2504,2160,0.1806,0.3264,0.4722,True
brennan-johnson,1346,0,3156,2263,0.2408,0.3738,0.5068,True
brice-samba,0,274,2667,3608,0.15,0.3122,0.4745,True
bruno-fernandes,1264,0,2400,1420,0.1366,0.2616,0.3866,True
bruno-guimaraes,1114,112,2103,1348,0.1497,0.2747,0.3997,False
bryan-cristante,1775,0,3691,2396,0.1365,0.2615,0.3865,True
bryan-mbeumo,1026,0,2714,2111,0.099,0.2364,0.3738,True
bukayo-saka,1017,0,2745,2160,0.1806,0.335,0.4894,True
callum-hudson-odoi,1058,0,2786,2160,0.1463,0.3104,0.4745,True
callum-wilson,898,123,2216,1771,0.1499,0.2749,0.3999,False
carles-perez,1069,0,3735,3333,0.2751,0.4296,0.5842,True
carlos-augusto,515,0,2128,2016,0.1319,0.2569,0.3819,True
carlos-soler,1053,772,2070,2044,0.1502,0.2752,0.4002,False
casemiro,1055,0,2631,1971,0.2045,0.3513,0.4982,True
charles-de-ketelaere,1591,156,3195,2160,0.1816,0.3066,0.4316,True
cheick-doucoure,650,11,2026,1731,0.15,0.275,0.4,False
christian-norgaard,1311,136,1910,884,0.1497,0.2747,0.3997,False
christian-pulisic,1204,80,2612,1840,0.15,0.275,0.4,False
christoph-baumgartner,1627,0,3474,2309,0.1806,0.3062,0.4318,True
christopher-nkunku,1602,361,2322,1261,0.15,0.275,0.4,False
ciro-immobile,1370,312,2762,2052,0.15,0.275,0.4,False
cody-gakpo,1633,49,3693,2625,0.1498,0.2748,0.3998,False
cole-palmer,1326,29,2881,1973,0.1502,0.2752,0.4002,False
conor-gallagher,953,37,2317,1741,0.1502,0.2752,0.4002,False
cristian-romero,1387,0,2968,1977,0.217,0.3596,0.5023,True
cristiano-biraghi,2418,599,3353,1767,0.1498,0.2748,0.3998,False
cristiano-ronaldo,1256,0,2590,1668,0.1451,0.2701,0.3951,True
curtis-jones,902,97,1884,1325,0.1498,0.2748,0.3998,False
daichi-kamada,977,0,2312,1668,0.1061,0.2311,0.3561,True
dan-burn,1500,116,3478,2588,0.1501,0.2751,0.4001,False
dani-carvajal,1649,16,2686,1312,0.1497,0.2747,0.3997,False
dani-ceballos,1748,273,3476,2433,0.15,0.275,0.4,False
dani-olmo,1125,2,2449,1658,0.1498,0.2748,0.3998,False
dani-vivian,1289,0,4061,3465,0.3201,0.4456,0.5711,True
danilo,560,0,1424,1080,0.1787,0.3505,0.5222,True
danilo-pereira,1522,0,2514,1240,0.1355,0.2605,0.3855,True
danny-welbeck,859,701,2075,2221,0.15,0.275,0.4,False
darwin-nunez,917,634,2117,2134,0.15,0.275,0.4,False
david-alaba,634,3,1990,1699,0.1498,0.2748,0.3998,False
david-de-gea,1040,25,1990,1213,0.1498,0.2748,0.3998,False
david-hancko,1294,245,1962,1081,0.1495,0.2745,0.3995,False
david-neres,1121,114,2971,2426,0.1786,0.3036,0.4286,True
david-raum,1583,173,3129,2105,0.1501,0.2751,0.4001,False
david-raya,938,0,2666,2160,0.1014,0.244,0.3866,True
david-soria,1392,62,1888,682,0.15,0.275,0.4,False
davide-frattesi,678,0,2178,1874,0.1633,0.3146,0.4658,True
davide-zappacosta,1144,108,1810,940,0.1502,0.2752,0.4002,False
dayot-upamecano,1605,82,2430,1114,0.1502,0.2752,0.4002,False
declan-rice,984,0,2511,1908,0.1268,0.2518,0.3768,True
dejan-kulusevski,1000,0,2728,2160,0.1912,0.35,0.5088,True
denis-suarez,761,292,2108,1976,0.1502,0.2752,0.4002,True
denis-zakaria,1341,48,3105,2252,0.1692,0.2942,0.4192,True
deniz-undav,1088,0,2816,2160,0.0796,0.2234,0.3671,True
denzel-dumfries,1546,245,2318,1209,0.1504,0.2754,0.4004,False
destiny-udogie,1162,0,2890,2160,0.2366,0.3998,0.563,True
diego-llorente,1170,0,4139,3712,0.2578,0.4456,0.6334,True
diogo-costa,1521,3,3258,2175,0.1501,0.2751,0.4001,False
diogo-dalot,1906,77,3998,2693,0.1498,0.2748,0.3998,False
domenico-berardi,803,0,2692,2362,0.1935,0.3287,0.464,True
dominic-calvert-lewin,1190,0,2945,2193,0.129,0.2579,0.3867,True
dominic-solanke,1761,89,3236,1933,0.1502,0.2752,0.4002,False
dominik-szoboszlai,1354,0,3505,2688,0.1034,0.2333,0.3631,True
donyell-malen,1287,0,2993,2132,0.0633,0.1883,0.3133,True
dorde-petrovic,883,0,2111,1536,0.1172,0.2422,0.3672,True
douglas-luiz,1004,0,2598,1993,0.2494,0.4576,0.6658,True
dusan-vlahovic,998,555,2070,1895,0.15,0.275,0.4,False
duvan-zapata,1094,98,2128,1390,0.1502,0.2752,0.4002,False
ebere-eze,740,76,2237,1948,0.1501,0.2751,0.4001,False
eddie-nketiah,2569,322,4031,2150,0.1499,0.2749,0.3999,False
eder-militao,1216,0,2944,2160,0.037,0.1648,0.2926,True
ederson-fenerbahce,1115,0,2337,1528,0.0569,0.1819,0.3069,True
edin-dzeko,1033,0,2761,2160,0.138,0.3021,0.4662,True
edmond-tapsoba,2154,81,3425,1669,0.1499,0.2749,0.3999,False
edon-zhegrova,1254,66,1914,890,0.1505,0.2755,0.4005,False
edouard-mendy,1140,0,2868,2160,0.1463,0.3039,0.4616,True
edson-alvarez,18,0,2514,3120,0.1593,0.3106,0.4619,True
eduardo-camavinga,1065,0,2670,2007,0.0947,0.2394,0.3842,True
eljif-elmas,1828,0,4718,3613,0.1871,0.3201,0.4531,True
ellyes-skhiri,645,25,2709,2605,0.15,0.275,0.4,False
emile-smith-rowe,1038,60,2462,1840,0.15,0.275,0.4,False
emiliano-buendia,1122,118,3138,2638,0.15,0.275,0.4,False
emiliano-martinez,980,0,2708,2160,0.1292,0.2664,0.4037,True
emre-can,1068,0,3516,3060,0.1428,0.2678,0.3928,True
enes-unal,363,254,1710,1938,0.1502,0.2752,0.4002,False
enzo-fernandez,1058,0,2786,2160,0.0412,0.1752,0.3093,True
eric-garcia,833,84,2110,1680,0.1497,0.2747,0.3997,False
erling-haaland,1206,124,2333,1532,0.1499,0.2749,0.3999,False
evan-n-dicka,1097,36,2675,2008,0.1501,0.2751,0.4001,False
evanilson,934,0,2554,2025,0.4617,0.5926,0.7235,True
exequiel-palacios,1048,4,2488,1804,0.15,0.275,0.4,False
ezri-konsa,2052,300,2765,1192,0.1502,0.2752,0.4002,False
fabian,486,117,1718,1657,0.15,0.275,0.4,False
fabian-schar,1523,192,2240,1088,0.1496,0.2746,0.3996,False
fabinho,0,42,3333,4208,0.15,0.32,0.4899,True
fabio-vieira,2085,133,3873,2369,0.1498,0.2748,0.3998,False
facundo-medina,2306,0,5650,4181,0.3329,0.465,0.597,True
federico-bernardeschi,1129,42,2037,1178,0.1496,0.2746,0.3996,False
federico-chiesa,918,0,2314,1744,0.1336,0.2586,0.3836,True
federico-dimarco,982,0,2710,2160,0.0907,0.3,0.5093,True
federico-gatti,2311,58,3297,1290,0.1502,0.2752,0.4002,False
federico-valverde,1138,0,2617,1848,0.1071,0.2321,0.3571,True
felix-nmecha,961,0,2689,2160,0.1421,0.3234,0.5046,True
ferdi-kadioglu,1078,155,2834,2351,0.1498,0.2748,0.3998,False
ferland-mendy,1150,0,2950,2250,0.1142,0.2622,0.4102,True
ferran-torres,1720,70,2536,1090,0.15,0.275,0.4,False
fikayo-tomori,1438,8,2181,936,0.1498,0.2748,0.3998,False
florentino-luis,3234,133,4530,1753,0.15,0.275,0.4,False
florian-wirtz,1013,212,2290,1808,0.1497,0.2747,0.3997,False
francesco-acerbi,1103,110,2505,1862,0.1501,0.2751,0.4001,False
franck-kessie,1153,199,2119,1407,0.1498,0.2748,0.3998,False
fred,1086,386,2494,2146,0.15,0.275,0.4,False
fredrik-aursnes,1100,0,1848,936,0.1335,0.2585,0.3835,True
frenkie-de-jong,1444,86,2507,1414,0.1498,0.2748,0.3998,False
gabriel,1030,0,2758,2160,0.1056,0.2676,0.4296,True
gabriel-jesus,1441,0,3131,2112,0.0814,0.2064,0.3314,True
gabriel-martinelli,662,7,2093,1795,0.1499,0.2749,0.3999,False
gavi,1355,0,2997,2052,0.155,0.3009,0.4469,True
geoffrey-kondogbia,944,25,1959,1293,0.1498,0.2748,0.3998,False
gerard-moreno,1116,0,2921,2256,0.1294,0.2544,0.3794,True
giacomo-raspadori,636,31,1858,1559,0.1499,0.2749,0.3999,False
gianluca-mancini,1472,0,2896,1780,0.0944,0.2194,0.3444,True
gianluca-scamacca,1460,99,2164,979,0.15,0.275,0.4,False
gianluigi-donnarumma,823,0,2327,1881,0.1164,0.303,0.4896,True
giorgi-mamardashvili,398,0,2306,2384,0.2194,0.3695,0.5197,True
giorgio-scalvini,1452,212,2002,900,0.1497,0.2747,0.3997,False
giovani-lo-celso,1136,224,2832,2344,0.15,0.275,0.4,False
giovanni-di-lorenzo,1234,97,2482,1657,0.15,0.275,0.4,False
giovanni-simeone,1060,610,2324,2190,0.15,0.275,0.4,False
goncalo-guedes,1285,0,3134,2312,0.0402,0.1652,0.2902,True
goncalo-ramos,2076,0,3158,1352,0.0762,0.2012,0.3262,True
granit-xhaka,1398,0,3526,2660,0.1613,0.334,0.5068,True
gregor-kobel,1233,51,2477,1607,0.1497,0.2747,0.3997,False
guglielmo-vicario,1264,49,2659,1793,0.1502,0.2752,0.4002,False
guido-rodriguez,1718,168,4080,3120,0.1501,0.2751,0.4001,False
hakan-calhanoglu,912,0,2640,2160,0.112,0.3009,0.4898,True
harry-kane,855,0,2531,2096,0.1178,0.2428,0.3678,True
harry-maguire,1391,0,3667,2846,0.1827,0.3104,0.4382,True
harvey-barnes,1950,315,3310,2015,0.15,0.275,0.4,False
harvey-elliott,276,93,2535,2917,0.1501,0.2751,0.4001,False
hector-bellerin,857,0,2585,2160,0.2042,0.3405,0.4769,True
hector-herrera,963,0,2603,2051,0.198,0.3579,0.5178,True
henrikh-mkhitaryan,1132,0,2245,1392,0.1408,0.2658,0.3908,True
heung-min-son,1126,0,2691,1956,0.135,0.26,0.385,True
hidemasa-morita,1668,505,4759,4369,0.2896,0.4146,0.5396,True
iago-aspas,1709,35,3873,2739,0.1501,0.2751,0.4001,False
ibrahim-sangare,1041,223,2058,1495,0.1502,0.2752,0.4002,False
ibrahima-konate,1542,0,2374,1040,0.0904,0.2154,0.3404,True
igor,705,60,1957,1624,0.1503,0.2753,0.4003,False
igor-zubeldia,1708,180,2739,1468,0.1498,0.2748,0.3998,False
ilkay-gundogan,1198,10,2238,1310,0.15,0.275,0.4,False
inaki-williams,1101,0,3422,2902,0.1334,0.2643,0.3952,True
inigo-ruiz-de-galarreta,1710,590,3041,2254,0.1502,0.2752,0.4002,False
isco,1759,120,3323,2076,0.1498,0.2748,0.3998,False
ismael-bennacer,1302,0,3350,2560,0.0988,0.2238,0.3488,True
ivan-ilic,1505,199,2218,1091,0.1502,0.2752,0.4002,False
ivan-provedel,721,544,1946,2076,0.3029,0.4279,0.5529,True
ivan-toney,1308,0,3036,2160,0.3481,0.4845,0.6208,True
jack-grealish,1136,222,2490,1914,0.1501,0.2751,0.4001,False
jacob-ramsey,222,0,2410,2736,0.1444,0.2694,0.3944,True
jamal-musiala,965,0,2536,1964,0.1466,0.2716,0.3966,True
james-maddison,1339,0,3067,2159,0.1357,0.3073,0.4789,True
james-tarkowski,1006,0,2733,2159,0.2344,0.3953,0.5563,True
james-ward-prowse,1164,0,2915,2189,0.1891,0.3458,0.5025,True
jan-oblak,842,0,2411,1962,0.1549,0.4167,0.6784,True
jan-paul-van-hecke,1720,144,2610,1256,0.1502,0.2752,0.4002,False
jarrod-bowen,951,0,2708,2196,0.1079,0.255,0.4021,True
jason-steele,996,0,2724,2160,0.112,0.2407,0.3694,True
javi-galan,1358,28,2312,1220,0.1502,0.2752,0.4002,False
javi-guerra,429,66,2177,2250,0.1804,0.3054,0.4304,True
jeremie-boga,956,253,1766,1265,0.1502,0.2752,0.4002,False
jeremie-frimpong,916,0,3046,2662,0.1593,0.2859,0.4125,True
jeremy-doku,1415,6,2819,1762,0.1498,0.2748,0.3998,False
jesper-karlsson,0,19,2045,2575,0.1498,0.2748,0.3998,True
joachim-andersen,404,128,2973,3340,0.1501,0.2751,0.4001,False
joao-cancelo,1182,0,2529,1683,0.2923,0.4427,0.593,True
joao-felix,1358,0,2705,1684,0.1419,0.2669,0.3919,True
joao-mario,806,0,2444,2048,0.2002,0.3643,0.5283,True
joao-palhinha,1287,0,2414,1408,0.1129,0.2379,0.3629,True
joao-pedro,825,0,2313,1860,0.1978,0.4048,0.6118,True
joe-gomez,1110,459,2735,2491,0.1501,0.2751,0.4001,False
joe-willock,1524,78,2663,1502,0.1503,0.2753,0.4003,False
joelinton,1504,264,2573,1600,0.1497,0.2747,0.3997,False
john-mcginn,1061,0,2789,2160,0.1421,0.2773,0.4125,True
john-stones,1204,0,3456,2815,0.1677,0.3147,0.4618,True
jonas-hofmann,1845,0,3467,2028,0.108,0.233,0.358,True
jonathan-clauss,1022,0,2572,1937,0.365,0.5292,0.6933,True
jonathan-david,597,44,2031,1836,0.1501,0.2751,0.4001,False
jonathan-tah,1192,0,2939,2184,0.1461,0.2711,0.3961,True
jordan-henderson,968,0,2696,2160,0.1741,0.3255,0.4769,True
jordan-pickford,1090,0,2558,1836,0.1215,0.2465,0.3715,True
jorge-cuenca,1229,147,1860,935,0.1497,0.2747,0.3997,False
jose-gaya,1214,0,2711,1872,0.0972,0.2222,0.3472,True
jose-gimenez,947,0,2665,2148,0.1201,0.2451,0.3701,True
joshua-kimmich,946,0,2674,2160,0.1829,0.3148,0.4468,True
joshua-zirkzee,1929,192,2886,1388,0.1497,0.2747,0.3997,False
josko-gvardiol,952,0,2664,2140,0.1299,0.2549,0.3799,True
juan-foyth,1192,167,1832,967,0.15,0.275,0.4,False
jude-bellingham,1347,0,2697,1688,0.08,0.205,0.33,True
jules-kounde,1200,0,2928,2160,0.1204,0.2727,0.425,True
julian-alvarez,1345,0,2795,1812,0.112,0.237,0.362,True
julian-brandt,585,0,2475,2362,0.1744,0.3279,0.4814,True
julian-ryerson,2223,130,4664,3182,0.1501,0.2751,0.4001,False
jurrien-timber,964,0,2692,2160,0.1894,0.3181,0.4468,True
justin-bijlow,1015,0,2607,1989,0.1483,0.2911,0.4339,True
justin-kluivert,1462,36,2582,1436,0.15,0.275,0.4,False
kai-havertz,1506,108,3455,2544,0.1498,0.2748,0.3998,False
kalidou-koulibaly,604,0,1468,1080,0.1352,0.2769,0.4185,True
kang-in-lee,823,179,2094,1767,0.1499,0.2749,0.3999,False
kaoru-mitoma,1228,25,2460,1565,0.15,0.275,0.4,False
karim-adeyemi,901,264,2719,2536,0.1501,0.2751,0.4001,False
karim-benzema,1830,31,2956,1439,0.1499,0.2749,0.3999,False
kenny-tete,1044,134,1832,1118,0.1504,0.2754,0.4004,False
kepa-arrizabalaga,1107,101,1904,1097,0.1496,0.2746,0.3996,False
kevin-danso,1184,0,2192,1260,0.1365,0.2615,0.3865,True
kevin-de-bruyne,389,140,2005,2160,0.1723,0.2973,0.4223,True
kevin-kampl,1631,187,2667,1483,0.1497,0.2747,0.3997,False
kevin-trapp,189,43,561,507,0.1509,0.2759,0.4009,False
keylor-navas,1267,131,2119,1195,0.1504,0.2754,0.4004,False
khephren-thuram,889,31,1647,979,0.1498,0.2748,0.3998,False
khvicha-kvaratskhelia,1356,391,2437,1743,0.1501,0.2751,0.4001,False
kieran-tierney,415,529,1772,2225,0.1498,0.2748,0.3998,False
kieran-trippier,911,0,2559,2061,0.1121,0.2462,0.3804,True
kim-min-jae,1170,0,2786,2020,0.1267,0.2517,0.3767,True
kingsley-coman,1203,384,2077,1476,0.1502,0.2752,0.4002,False
koke,1065,37,2512,1845,0.1499,0.2749,0.3999,False
konrad-laimer,2181,140,4849,3476,0.1499,0.2749,0.3999,False
kostas-tsimikas,300,0,2829,3162,0.2473,0.4244,0.6015,True
kristoffer-ajer,436,348,3197,3800,0.1501,0.2751,0.4001,False
kurt-zouma,940,122,2310,1834,0.1501,0.2751,0.4001,False
kyle-walker,1522,169,3263,2345,0.1498,0.2748,0.3998,False
kylian-mbappe,1309,452,2244,1620,0.1498,0.2748,0.3998,False
lautaro-martinez,1351,187,2731,1911,0.1502,0.2752,0.4002,False
lazar-samardzic,908,62,3013,2694,0.1501,0.2751,0.4001,False
leandro-trossard,161,0,461,376,0.133,0.258,0.383,True
leon-bailey,1113,0,2597,1854,0.1958,0.3212,0.4466,True
leon-goretzka,1048,0,2776,2160,0.2088,0.3891,0.5694,True
leonardo-spinazzola,1571,207,2122,895,0.1497,0.2747,0.3997,False
leroy-sane,1112,0,2840,2160,0.1634,0.3007,0.438,True
levi-colwill,447,69,2191,2249,0.15,0.275,0.4,False
lewis-dunk,1126,0,3784,3322,0.1291,0.2687,0.4082,True
lewis-ferguson,1347,132,1910,836,0.1506,0.2756,0.4006,False
lionel-messi,1222,96,2422,1596,0.15,0.275,0.4,False
lisandro-martinez,1130,95,2554,1875,0.15,0.275,0.4,False
lois-openda,1400,323,3067,2407,0.1502,0.2752,0.4002,False
lorenzo-pellegrini,1003,0,3403,3000,0.1893,0.3717,0.554,True
lucas-digne,564,22,1787,1550,0.1499,0.2749,0.3999,False
lucas-hernandez,1022,0,2750,2160,0.1722,0.3148,0.4574,True
lucas-ocampos,603,0,2178,1968,0.1956,0.3384,0.4812,True
lucas-paqueta,740,0,2242,1878,0.1763,0.3104,0.4446,True
lucas-perri,938,0,3510,3215,0.1614,0.2869,0.4124,True
lucas-torreira,1186,222,2898,2362,0.15,0.275,0.4,False
lucas-vazquez,1232,16,3127,2384,0.1499,0.2749,0.3999,False
ludovic-blas,985,0,3119,2667,0.1894,0.3675,0.5456,True
luis-alberto,1311,610,1865,1302,0.1503,0.2753,0.4003,False
luis-diaz,1196,0,2620,1780,0.1253,0.2503,0.3753,True
luis-suarez,991,0,2719,2160,0.1227,0.3137,0.5046,True
luiz-felipe,1400,232,2193,1224,0.1502,0.2752,0.4002,False
luka-modric,916,0,2644,2160,0.138,0.2634,0.3889,True
lukas-klostermann,1481,87,2319,1135,0.1498,0.2748,0.3998,False
luke-shaw,1582,0,3246,2079,0.0861,0.2405,0.3949,True
lutsharel-geertruida,1045,0,2399,1692,0.1206,0.2456,0.3706,True
malick-thiaw,511,0,1979,1836,0.1193,0.2443,0.3693,True
manuel-akanji,941,0,2439,1872,0.1763,0.3072,0.438,True
manuel-locatelli,2805,371,4620,2639,0.1499,0.2749,0.3999,False
manuel-neuer,734,0,2462,2160,0.0606,0.1861,0.3116,True
manuel-ugarte,1557,83,2431,1175,0.1502,0.2752,0.4002,False
marc-andre-ter-stegen,1208,0,2833,2032,0.1299,0.2549,0.3799,True
marc-cucurella,0,28,2141,2704,0.1499,0.307,0.4641,True
marc-guehi,643,0,2839,2745,0.1872,0.3417,0.4962,True
marc-roca,1654,94,2630,1314,0.15,0.275,0.4,False
marcao,569,278,1571,1530,0.1502,0.2752,0.4002,False
marcel-sabitzer,1303,0,2545,1552,0.0683,0.1933,0.3183,True
marcelo-brozovic,746,0,2338,1989,0.1528,0.3084,0.4641,True
marco-asensio,1237,0,2849,2016,0.1052,0.2302,0.3552,True
marco-verratti,1648,0,3268,2025,0.1205,0.2481,0.3758,True
marcos-alonso,768,0,2326,1948,0.1242,0.2492,0.3742,True
marcos-llorente,433,4,1293,1080,0.1626,0.2876,0.4126,True
marcus-rashford,1951,0,4492,3176,0.0712,0.1962,0.3212,True
marcus-thuram,961,0,2690,2160,0.1056,0.2611,0.4167,True
mario-gotze,1116,119,2140,1399,0.15,0.275,0.4,False
mario-hermoso,685,129,1987,1757,0.1499,0.2749,0.3999,False
mario-pasalic,1206,0,2746,1924,0.1315,0.2565,0.3815,True
marquinhos,1484,0,2943,1824,0.1299,0.2549,0.3799,True
marten-de-roon,1089,182,3386,3054,0.1501,0.2751,0.4001,False
martin-odegaard,1138,0,2866,2160,0.144,0.2824,0.4208,True
martin-terrier,773,225,2466,2341,0.1498,0.2748,0.3998,False
martin-zubimendi,1283,48,2419,1468,0.15,0.275,0.4,False
mason-mount,1014,0,2742,2160,0.1852,0.3289,0.4727,True
mateo-kovacic,1498,48,2589,1412,0.1503,0.2753,0.4003,False
mateus-uribe,793,0,2749,2444,0.1612,0.2954,0.4296,True
matheus-cunha,1379,0,3040,2076,0.1411,0.2661,0.3911,True
matheus-nunes,942,124,2375,1916,0.1501,0.2751,0.4001,False
mathias-jensen,574,0,3339,3456,0.1207,0.2966,0.4725,True
mathias-olivera,1075,165,1639,869,0.1506,0.2756,0.4006,False
matias-vecino,3092,272,4238,1704,0.1501,0.2751,0.4001,False
mats-hummels,2035,0,4310,2844,0.1744,0.3386,0.5028,True
matteo-politano,1431,147,2483,1463,0.1497,0.2747,0.3997,False
matteo-ruggeri,732,554,2745,3070,0.1498,0.2748,0.3998,False
matthias-ginter,1664,199,2660,1443,0.1503,0.2753,0.4003,False
matthijs-de-ligt,1040,0,2768,2160,0.187,0.3512,0.5153,True
mattia-zaccagni,277,519,2350,3111,0.1501,0.2751,0.4001,False
mauro-icardi,1510,212,3571,2788,0.1498,0.2748,0.3998,False
memphis-depay,943,0,2463,1899,0.129,0.2846,0.4402,True
michael-olise,1239,0,2352,1392,0.1372,0.2622,0.3872,True
michele-di-gregorio,1756,0,3708,2440,0.0648,0.1898,0.3148,True
micky-van-de-ven,929,0,2404,1843,0.127,0.2653,0.4037,True
miguel-gutierrez,1126,0,2854,2160,0.1977,0.3264,0.4551,True
mike-maignan,776,0,1480,880,0.0614,0.1864,0.3114,True
mikel-merino,560,0,1981,1776,0.1289,0.2539,0.3789,True
mikel-oyarzabal,363,315,3199,3859,0.1755,0.3005,0.4255,True
milan-skriniar,1334,0,2223,1112,0.134,0.259,0.384,True
mohamed-salah,744,0,2432,2111,0.1378,0.3266,0.5154,True
mohammed-kudus,992,0,2640,2060,0.1083,0.2333,0.3583,True
moise-kean,1092,8,1972,1108,0.15,0.275,0.4,False
moises-caicedo,1218,0,2524,1632,0.0974,0.2224,0.3474,True
morten-hjulmand,938,0,2666,2160,0.1977,0.3984,0.5991,True
mouctar-diakhaby,1238,323,2546,1959,0.1498,0.2748,0.3998,False
moussa-diaby,1447,12,2352,1144,0.1502,0.2752,0.4002,False
myles-lewis-skelly,965,0,2492,1908,0.1226,0.2568,0.391,True
n-golo-kante,1092,0,2039,1184,0.1132,0.2382,0.3632,True
nahuel-molina,1069,0,3166,2621,0.0904,0.2406,0.3907,True
nathan-ake,279,315,691,831,0.1492,0.2742,0.3992,False
nayef-aguerd,1036,0,2338,1628,0.113,0.238,0.363,True
nemanja-matic,2309,275,3327,1547,0.1502,0.2752,0.4002,False
neymar,1093,0,2821,2160,0.1079,0.2475,0.387,True
nick-pope,1033,159,2089,1479,0.15,0.275,0.4,False
nico-schlotterbeck,956,0,2684,2160,0.1977,0.3435,0.4894,True
nico-williams,1579,366,3524,2798,0.1501,0.2751,0.4001,False
nicolas-gonzalez,1501,124,2400,1248,0.1504,0.2754,0.4004,False
nicolas-jackson,942,36,2472,1948,0.1501,0.2751,0.4001,False
nicolas-otamendi,1585,0,2414,1036,0.1129,0.2379,0.3629,True
nicolo-barella,874,0,2333,1824,0.1431,0.2681,0.3931,True
nicolo-fagioli,797,107,1377,831,0.1506,0.2756,0.4006,False
nicolo-rovella,1893,84,3321,1868,0.1502,0.2752,0.4002,False
nicolo-zaniolo,1165,0,2893,2160,0.1657,0.3428,0.5199,True
nikola-milenkovic,780,0,2134,1692,0.1359,0.2609,0.3859,True
nikola-vlasic,1734,257,2445,1145,0.1498,0.2748,0.3998,False
noa-lang,1149,0,2737,1984,0.1477,0.2727,0.3977,True
noah-okafor,1319,0,3046,2159,0.1399,0.2858,0.4317,True
nordi-mukiele,916,248,1796,1348,0.15,0.275,0.4,False
noussair-mazraoui,1437,51,2327,1163,0.1502,0.2752,0.4002,False
nuno-mendes,1244,0,2972,2160,0.213,0.39,0.5671,True
odilon-kossounou,1829,78,2869,1378,0.15,0.275,0.4,False
oihan-sancet,0,0,1999,2499,0.1204,0.3607,0.601,True
oleksandr-zinchenko,702,0,2302,2000,0.159,0.3167,0.4745,True
olivier-giroud,744,0,2472,2160,0.112,0.2387,0.3653,True
ollie-watkins,803,0,2287,1856,0.1482,0.2732,0.3982,True
otavio,1845,107,3758,2499,0.1501,0.2751,0.4001,False
ousmane-dembele,768,0,2234,1832,0.1343,0.2593,0.3843,True
ousmane-diomande,382,0,2109,2159,0.1033,0.3147,0.5262,True
pablo-sarabia,1050,80,1722,920,0.15,0.275,0.4,False
pape-matar-sarr,1808,0,3895,2608,0.0652,0.1902,0.3152,True
pascal-gross,620,0,2067,1808,0.0962,0.2212,0.3462,True
patric,2204,248,3605,2000,0.1501,0.2751,0.4001,False
patrik-schick,522,0,2414,2365,0.2085,0.3575,0.5066,True
pau-torres,1054,0,2782,2160,0.1333,0.2942,0.4551,True
paulo-dybala,1130,142,2586,1962,0.1582,0.2832,0.4082,True
pedri,1414,91,3270,2411,0.15,0.275,0.4,False
pedro-goncalves,1414,0,2874,1824,0.1425,0.2675,0.3925,True
pedro-porro,1740,164,3241,2040,0.1498,0.2748,0.3998,False
pepe,881,136,2270,1872,0.1498,0.2748,0.3998,False
pervis-estupinan,1723,180,3150,1964,0.1502,0.2752,0.4002,False
phil-foden,1115,95,2197,1447,0.1501,0.2751,0.4001,False
philipp-lienhart,755,81,2447,2197,0.1498,0.2748,0.3998,False
pierre-kalulu,632,0,2223,1988,0.1454,0.2704,0.3954,True
piotr-zielinski,1261,101,2342,1453,0.1501,0.2751,0.4001,False
presnel-kimpembe,434,0,1298,1080,0.1509,0.3065,0.462,True
rafa,1250,213,3746,3333,0.1865,0.3115,0.4365,True
rafael-leao,1159,0,2731,1964,0.081,0.206,0.331,True
raheem-sterling,1972,0,3531,1948,0.1099,0.2349,0.3599,True
ramy-bensebaini,518,14,1594,1358,0.1503,0.2753,0.4003,False
randal-kolo-muani,468,0,1588,1400,0.1207,0.2457,0.3707,True
raphinha,833,0,2561,2160,0.0435,0.1926,0.3417,True
rasmus-hojlund,1456,59,2656,1559,0.15,0.275,0.4,False
reece-james,838,0,2333,1869,0.1204,0.2986,0.4767,True
reinildo,420,63,733,455,0.1505,0.2755,0.4005,False
reiss-nelson,912,0,2639,2159,0.1422,0.2839,0.4257,True
renato-sanches,1566,183,2785,1707,0.1503,0.2753,0.4003,False
ricardo-horta,1387,318,3777,3306,0.1499,0.2749,0.3999,False
riccardo-orsolini,1084,48,3020,2468,0.15,0.275,0.4,False
richarlison,2029,202,3066,1498,0.1497,0.2747,0.3997,False
rico-henry,434,0,2725,2864,0.1198,0.2448,0.3698,True
rico-lewis,1382,61,2866,1917,0.1498,0.2748,0.3998,False
riyad-mahrez,1191,73,3043,2389,0.1498,0.2748,0.3998,False
robert-andrich,1404,752,4371,4460,0.1499,0.2749,0.3999,False
robert-lewandowski,1634,107,3547,2499,0.1501,0.2751,0.4001,False
robert-sanchez,933,0,2661,2160,0.138,0.3012,0.4644,True
robin-gosens,1417,0,2944,1908,0.1043,0.2293,0.3543,True
robin-le-normand,1532,369,2515,1597,0.1498,0.2748,0.3998,False
rodri,860,0,2284,1780,0.1281,0.2531,0.3781,True
rodrigo-bentancur,948,0,2257,1636,0.1271,0.2521,0.3771,True
rodrigo-de-paul,1536,0,2531,1244,0.1278,0.2528,0.3778,True
rodrigo-riquelme,1088,239,2160,1579,0.15,0.275,0.4,False
rodrygo,588,94,1987,1842,0.1499,0.2749,0.3999,False
romelu-lukaku,377,270,2038,2346,0.1498,0.2748,0.3998,False
ronald-araujo,1386,114,2579,1606,0.1501,0.2751,0.4001,False
ross-barkley,967,85,3079,2725,0.15,0.275,0.4,False
ruben-dias,1369,8,2690,1660,0.1501,0.2751,0.4001,False
ruben-loftus-cheek,1691,78,4005,2970,0.1501,0.2751,0.4001,False
ruben-neves,1102,0,2270,1460,0.1397,0.2647,0.3897,True
ryan-gravenberch,335,1,1654,1649,0.1499,0.2749,0.3999,False
sacha-boey,1547,0,2661,1392,0.13,0.255,0.38,True
sadio-mane,1440,0,3168,2160,0.125,0.2516,0.3782,True
samuel-chukwueze,1590,0,2908,1648,0.1226,0.2476,0.3726,True
sandro-tonali,1582,69,2308,977,0.1498,0.2748,0.3998,False
santi-comesana,2095,186,4104,2698,0.1501,0.2751,0.4001,False
santiago-gimenez,1062,0,3314,2815,0.1055,0.2407,0.3758,True
savio,1480,269,2875,2013,0.2649,0.3899,0.5149,True
scott-mctominay,1325,587,2281,1783,0.1497,0.2747,0.3997,False
sead-kolasinac,1295,141,2137,1193,0.1502,0.2752,0.4002,False
sebastian-coates,1733,76,3161,1860,0.1502,0.2752,0.4002,False
sebastian-szymanski,476,314,1474,1562,0.1498,0.2748,0.3998,False
seko-fofana,1754,213,2774,1489,0.1497,0.2747,0.3997,False
serge-gnabry,533,0,1397,1080,0.2769,0.4324,0.588,True
sergej-milinkovic-savic,640,0,1504,1080,0.1463,0.3116,0.4769,True
sergio-canales,832,0,3021,2736,0.1173,0.2423,0.3673,True
sergio-ramos,922,0,2650,2160,0.1463,0.3384,0.5306,True
serhou-guirassy,1614,0,3342,2160,0.1056,0.2505,0.3954,True
stanislav-lobotka,1063,21,1806,949,0.1498,0.2748,0.3998,False
sven-botman,977,0,2424,1808,0.1361,0.2611,0.3861,True
takefusa-kubo,1248,0,3766,3148,0.1175,0.2425,0.3675,True
takehiro-tomiyasu,1908,87,2916,1347,0.15,0.275,0.4,False
takumi-minamino,1171,151,2534,1855,0.1502,0.2752,0.4002,False
talisca,1283,467,2931,2527,0.3767,0.5017,0.6267,True
tammy-abraham,833,0,2603,2212,0.0882,0.2132,0.3382,True
terem-moffi,2203,0,5177,3717,0.2408,0.391,0.5413,True
teun-koopmeiners,908,66,1775,1150,0.1504,0.2754,0.4004,False
theo-hernandez,1577,57,2911,1725,0.1499,0.2749,0.3999,False
thiago-silva,1324,2,2303,1226,0.1503,0.2753,0.4003,False
thibaut-courtois,1274,94,2125,1158,0.1504,0.2754,0.4004,False
thomas-lemar,143,242,1867,2398,0.1498,0.2748,0.3998,False
thomas-muller,1493,0,2946,1816,0.1443,0.2693,0.3943,True
thomas-partey,879,0,2499,2025,0.1294,0.256,0.3827,True
tijjani-reijnders,1540,99,2488,1283,0.1503,0.2753,0.4003,False
tino-livramento,892,44,2131,1592,0.1499,0.2749,0.3999,False
trent-alexander-arnold,810,0,2538,2160,0.0991,0.2354,0.3718,True
trevoh-chalobah,392,0,2275,2354,0.2022,0.3879,0.5735,True
tyler-adams,1326,0,2468,1428,0.1436,0.2686,0.3936,True
tyrone-mings,804,0,3405,3252,0.2343,0.4425,0.6507,True
umar-sadiq,1596,137,2496,1261,0.1504,0.2754,0.4004,False
unai-simon,1638,120,3446,2380,0.15,0.275,0.4,False
valentin-rongier,2632,1132,5429,4628,0.1499,0.2749,0.3999,False
victor-boniface,361,0,1226,1080,0.1204,0.3005,0.4806,True
victor-lindelof,588,0,2315,2159,0.1121,0.2601,0.4081,True
victor-osimhen,978,0,2610,2040,0.0775,0.2137,0.35,True
viktor-gyokeres,1426,0,3154,2160,0.187,0.3523,0.5176,True
vincenzo-grifo,1989,75,2588,823,0.1497,0.2747,0.3997,False
vinicius-junior,423,0,2470,2560,0.2449,0.3715,0.498,True
virgil-van-dijk,932,0,2660,2160,0.138,0.285,0.4319,True
vitinha,1126,0,2854,2160,0.1699,0.3287,0.4875,True
walter-benitez,942,460,1870,1620,0.15,0.275,0.4,False
warren-zaire-emery,1399,32,3344,2464,0.2068,0.3318,0.4568,True
wataru-endo,2000,282,2826,1314,0.1502,0.2752,0.4002,False
wesley-fofana,1144,0,2872,2160,0.144,0.2771,0.4102,True
weston-mckennie,1317,46,1993,890,0.1505,0.2755,0.4005,False
willi-orban,1057,170,1671,938,0.1497,0.2747,0.3997,False
william-saliba,1769,68,3410,2120,0.1501,0.2751,0.4001,False
wojciech-szczesny,1715,71,2797,1423,0.1501,0.2751,0.4001,False
xaver-schlager,0,476,2281,3328,0.1501,0.325,0.5,True
xavi-simons,1546,494,2951,2250,0.1498,0.2748,0.3998,False
yan-couto,738,0,2594,2320,0.1487,0.2763,0.4039,True
yan-diomande,1294,90,2302,1350,0.15,0.275,0.4,False
yangel-herrera,749,0,2359,2012,0.0959,0.2209,0.3459,True
yann-sommer,965,0,2513,1935,0.1442,0.2729,0.4016,True
yannick-carrasco,2584,284,3764,1760,0.1497,0.2747,0.3997,False
yassine-bounou,832,0,2560,2160,0.2384,0.4005,0.5625,True
yeremy-pino,1384,0,3397,2516,0.1324,0.2574,0.3824,True
youri-tielemans,432,0,1168,920,0.1359,0.2913,0.4467,True
youssef-en-nesyri,1201,0,3453,2815,0.1851,0.3192,0.4533,True
youssouf-fofana,1242,465,2039,1461,0.1496,0.2746,0.3996,False
yuri,562,41,1960,1789,0.1499,0.2749,0.3999,False
yves-bissouma,1128,0,3078,2437,0.1998,0.3982,0.5966,True
