Kevin De Bruyne,Belgium,AMF
Erling Haaland,Norway,ST
Kylian Mbappé,France,ST
Lionel Messi,Argentina,RW
Harry Kane,England,ST
Vinícius Júnior,Brazil,LW
Thibaut Courtois,Belgium,GK
Mohamed Salah,Egypt,RW
Rodri,Spain,CDM
Ederson,Brazil,GK
Virgil van Dijk,Netherlands,CB
Bernardo Silva,Portugal,RW
Robert Lewandowski,Poland,ST
Jude Bellingham,England,AMF
Alisson,Brazil,GK
Declan Rice,England,CM
Neymar,Brazil,LW
Marc-André ter Stegen,Germany,GK
Joshua Kimmich,Germany,CDM
Bukayo Saka,England,RW
Martin Ødegaard,Norway,AMF
Rúben Dias,Portugal,CB
Lautaro Martínez,Argentina,ST
Antoine Griezmann,France,ST
Bruno Fernandes,Portugal,AMF
Luka Modric,Croatia,CM
Jan Oblak,Slovenia,GK
Ronald Araujo,Uruguay,CB
Eduardo Camavinga,France,CM
Heung-Min Son,South Korea,LW
Phil Foden,England,RW
Victor Osimhen,Nigeria,ST
Leroy Sané,Germany,RW
Rodrygo,Brazil,RW
Federico Valverde,Uruguay,CM
Ousmane Dembélé,France,RW
Ilkay Gündogan,Germany,CM
John Stones,England,CB
Éder Militão,Brazil,CB
Antonio Rüdiger,Germany,CB
Gabriel Jesus,Brazil,ST
Bruno Guimarães,Brazil,CM
Frenkie de Jong,Netherlands,CM
Karim Benzema,France,ST
Jack Grealish,England,LW
William Saliba,France,CB
Kyle Walker,England,RB
Rafael Leão,Portugal,LW
Marquinhos,Brazil,CB
Manuel Neuer,Germany,GK
Luis Díaz,Colombia,LW
Kim Min-Jae,South Korea,CB
Cristian Romero,Argentina,CB
Christopher Nkunku,France,ST
Trent Alexander-Arnold,England,RB
Pedri,Spain,CM
Khvicha Kvaratskhelia,Georgia,LW
Kingsley Coman,France,LW
Reece James,England,RB
Gianluigi Donnarumma,Italy,GK
Nicolò Barella,Italy,CM
Lucas Hernández,France,CB
Achraf Hakimi,Morocco,RB
Raheem Sterling,England,LW
Gabriel Martinelli,Brazil,LW
Marcus Rashford,England,LW
Dejan Kulusevski,Sweden,RW
Hakan Çalhanoglu,Türkiye,CDM
Cristiano Ronaldo,Portugal,ST
Marco Verratti,Italy,CM
Sergej Milinkovic-Savic,Serbia,CM
N'Golo Kanté,France,CDM
James Maddison,England,AMF
Luke Shaw,England,LB
Matthijs de Ligt,Netherlands,CB
Mike Maignan,France,GK
Iñaki Williams,Ghana,RW
David Alaba,Austria,CB
Kieran Trippier,England,RB
Marco Asensio,Spain,RW
Dayot Upamecano,France,CB
Jamal Musiala,Germany,AMF
Alexis Mac Allister,Argentina,CM
Enzo Fernández,Argentina,CM
Viktor Gyökeres,Sweden,ST
Jules Koundé,France,RB
Ángel Di María,Argentina,RW
Nicolás Otamendi,Argentina,CB
João Cancelo,Portugal,RB
Milan Škriniar,Slovakia,CB
Theo Hernández,France,LB
Emiliano Martínez,Argentina,GK
Sandro Tonali,Italy,CM
Andrew Robertson,Scotland,LB
Federico Dimarco,Italy,LB
Marcus Thuram,France,ST
Aurélien Tchouameni,France,CDM
Koke,Spain,CM
José Gayà,Spain,LB
Yves Bissouma,Mali,CDM
Romelu Lukaku,Belgium,ST
Casemiro,Brazil,CDM
Leon Goretzka,Germany,CM
Alphonso Davies,Canada,LB
Serge Gnabry,Germany,RW
Gregor Kobel,Switzerland,GK
Rodrigo Bentancur,Uruguay,CM
Gabriel,Brazil,CB
Mason Mount,England,AMF
Sven Botman,Netherlands,CB
Federico Chiesa,Italy,LW
Pau Torres,Spain,CB
Moisés Caicedo,Ecuador,CDM
Alexander Isak,Sweden,ST
Henrikh Mkhitaryan,Armenia,CM
Adrien Rabiot,France,CM
Benjamin Pavard,France,CB
Wojciech Szczesny,Poland,GK
Ibrahima Konaté,France,CB
Ferland Mendy,France,LB
Olivier Giroud,France,ST
Vitinha,Portugal,CM
Thiago Silva,Brazil,CB
Nathan Aké,Netherlands,CB
Dušan Vlahovic,Serbia,ST
Yann Sommer,Switzerland,GK
Darwin Núñez,Uruguay,ST
João Palhinha,Portugal,CDM
Lisandro Martínez,Argentina,CB
Benjamin White,England,RB
Guglielmo Vicario,Italy,GK
Paulo Dybala,Argentina,AMF
Bremer,Brazil,CB
Randal Kolo Muani,France,ST
Pervis Estupiñán,Ecuador,LB
Guido Rodríguez,Argentina,CDM
Dani Olmo,Spain,AMF
Sergio Canales,Spain,AMF
Ben Chilwell,England,LB
Franck Kessié,Ivory Coast,CM
Yannick Carrasco,Belgium,LW
Marcelo Brozovic,Croatia,CDM
Jarrod Bowen,England,RW
Mats Hummels,Germany,CB
Thomas Müller,Germany,AMF
Rafa,Portugal,AMF
Mauro Icardi,Argentina,ST
Dani Carvajal,Spain,RB
Thomas Partey,Ghana,CDM
Oleksandr Zinchenko,Ukraine,LB
Diogo Costa,Portugal,GK
Riyad Mahrez,Algeria,RW
Dominik Szoboszlai,Hungary,CM
Lewis Dunk,England,CB
Pedro Porro,Spain,RB
Giovanni Di Lorenzo,Italy,RB
Alessandro Bastoni,Italy,CB
Manuel Akanji,Switzerland,CB
Raphinha,Brazil,RW
Andreas Christensen,Denmark,CB
Gerard Moreno,Spain,ST
Álex Grimaldo,Spain,LB
Gavi,Spain,CM
Yan Diomandé,Ivory Coast,CB
Lucas Ocampos,Argentina,RW
Leandro Trossard,Belgium,LW
Danilo Pereira,Portugal,CB
Sebastián Coates,Uruguay,CB
Julian Brandt,Germany,AMF
Jérémy Doku,Belgium,LW
Joelinton,Brazil,CM
Cody Gakpo,Netherlands,LW
John McGinn,Scotland,CM
Mikel Merino,Spain,CM
Teun Koopmeiners,Netherlands,AMF
André-Franck Zambo Anguissa,Cameroon,CM
Álvaro Morata,Spain,ST
Christian Pulisic,U.S.A.,RW
Julián Álvarez,Argentina,ST
Iago Aspas,Spain,ST
Unai Simón,Spain,GK
Mikel Oyarzábal,Spain,LW
Ansu Fati,Spain,LW
Rodrigo De Paul,Argentina,CM
Moussa Diaby,France,RW
Ricardo Horta,Portugal,LW
Luis Alberto,Spain,CM
João Félix,Portugal,ST
Serhou Guirassy,Guinea,ST
Mateo Kovacic,Croatia,CM
David Raya,Spain,GK
Manuel Ugarte,Uruguay,CDM
Kai Havertz,Germany,ST
Florian Wirtz,Germany,AMF
Granit Xhaka,Switzerland,CM
Nicolás González,Argentina,RW
Fikayo Tomori,England,CB
Piotr Zielinski,Poland,CM
Ivan Provedel,Italy,GK
Alex Meret,Italy,GK
Marcos Llorente,Spain,RB
Nuno Mendes,Portugal,LB
Francesco Acerbi,Italy,CB
Ismaël Bennacer,Algeria,CM
Kieran Tierney,Scotland,LB
Pablo Sarabia,Spain,RW
Callum Wilson,England,ST
Marc Guéhi,England,CB
Joe Gomez,England,CB
Wesley Fofana,France,CB
Yan Couto,Brazil,RB
Bryan Cristante,Italy,CM
Domenico Berardi,Italy,RW
Mattia Zaccagni,Italy,LW
Stanislav Lobotka,Slovakia,CDM
Denzel Dumfries,Netherlands,RB
Alejandro Balde,Spain,LB
Fabián,Spain,CM
Sergio Ramos,Spain,CB
Keylor Navas,Costa Rica,GK
Danilo,Brazil,CB
Edson Álvarez,Mexico,CDM
Fredrik Aursnes,Norway,CM
Álex Moreno,Spain,LB
Youssef En-Nesyri,Morocco,ST
Michael Olise,France,RW
Miguel Gutiérrez,Spain,LB
Jonas Hofmann,Germany,RW
Mohammed Kudus,Ghana,RW
Joško Gvardiol,Croatia,CB
Jordan Pickford,England,GK
Dominic Calvert-Lewin,England,ST
Kostas Tsimikas,Greece,LB
Tijjani Reijnders,Netherlands,CM
Takehiro Tomiyasu,Japan,RB
Martín Zubimendi,Spain,CDM
Ruben Loftus-Cheek,England,CM
Matteo Politano,Italy,RW
Artem Dovbyk,Ukraine,ST
Gonçalo Ramos,Portugal,ST
Brahim Díaz,Morocco,AMF
Ademola Lookman,Nigeria,LW
Isco,Spain,AMF
Álex Remiro,Spain,GK
Aymeric Laporte,Spain,CB
Ferran Torres,Spain,LW
Ciro Immobile,Italy,ST
Héctor Herrera,Mexico,CM
Yassine Bounou,Morocco,GK
Fred,Brazil,CM
Fabinho,Brazil,CDM
Otávio,Portugal,RW
Talisca,Brazil,AMF
Lucas Paquetá,Brazil,AMF
Pepê,Brazil,RW
James Ward-Prowse,England,CM
Ivan Toney,England,ST
Pedro Gonçalves,Portugal,AMF
Memphis Depay,Netherlands,ST
Lucas Torreira,Uruguay,CDM
Rúben Neves,Portugal,CDM
Aleksandar Mitrovic,Serbia,ST
Dani Ceballos,Spain,CM
Mateus Uribe,Colombia,CM
Luis Suárez,Uruguay,ST
Kalidou Koulibaly,Senegal,CB
Kurt Zouma,France,CB
Sadio Mané,Senegal,LW
Édouard Mendy,Senegal,GK
Allan Saint-Maximin,France,LW
Presnel Kimpembe,France,CB
Konrad Laimer,Austria,RB
Willi Orbán,Hungary,CB
Jonathan Tah,Germany,CB
Conor Gallagher,England,CM
Curtis Jones,England,CM
Noussair Mazraoui,Morocco,RB
Kaoru Mitoma,Japan,LW
Matheus Nunes,Portugal,CM
Pascal Groß,Germany,CM
Nahuel Molina,Argentina,RB
David Neres,Brazil,RW
Douglas Luiz,Brazil,CM
Ederson,Brazil,CM
Manuel Locatelli,Italy,CDM
Davide Frattesi,Italy,CM
Takefusa Kubo,Japan,RW
Robin Le Normand,Spain,CB
Nico Williams,Spain,LW
José Giménez,Uruguay,CB
Alexandr Golovin,Russia,AMF
Edmond Tapsoba,Burkina Faso,CB
Exequiel Palacios,Argentina,CM
Marcel Sabitzer,Austria,CM
Pape Matar Sarr,Senegal,CM
Eddie Nketiah,England,ST
Emile Smith Rowe,England,AMF
Ebere Eze,England,AMF
Jurriën Timber,Netherlands,RB
Axel Disasi,France,CB
Giorgi Mamardashvili,Georgia,GK
Xavi Simons,Netherlands,AMF
Fábio Vieira,Portugal,AMF
Fabian Schär,Switzerland,CB
Amir Rrahmani,Kosovo,CB
Trevoh Chalobah,England,CB
Alessio Romagnoli,Italy,CB
Anthony Gordon,England,LW
Carlos Soler,Spain,CM
Dani Vivian,Spain,CB
Oihan Sancet,Spain,AMF
Thomas Lemar,France,CM
Loïs Openda,Belgium,ST
Warren Zaïre-Emery,France,CM
Martin Terrier,France,LW
Emre Can,Germany,CDM
Nicolas Jackson,Senegal,ST
Xaver Schlager,Austria,CM
Youri Tielemans,Belgium,CM
Joachim Andersen,Denmark,CB
Reiss Nelson,England,RW
Nick Pope,England,GK
Ezri Konsa,England,CB
Harvey Elliott,England,RW
Joshua Zirkzee,Netherlands,ST
Jan Paul van Hecke,Netherlands,CB
Micky van de Ven,Netherlands,CB
Boubacar Kamara,France,CDM
Benoît Badiashile,France,CB
Charles De Ketelaere,Belgium,ST
Albert Guðmundsson,Iceland,ST
Gianluca Mancini,Italy,CB
Lorenzo Pellegrini,Italy,AMF
Morten Hjulmand,Denmark,CDM
Lutsharel Geertruida,Netherlands,RB
Lucas Vázquez,Spain,RB
Reinildo,Mozambique,LB
Evanilson,Brazil,ST
Danny Welbeck,England,ST
Jeremie Frimpong,Netherlands,RB
Ollie Watkins,England,ST
Destiny Udogie,Italy,LB
Hidemasa Morita,Japan,CM
Carlos Augusto,Brazil,LB
Marten de Roon,Netherlands,CDM
Federico Gatti,Italy,CB
Lewis Ferguson,Scotland,CM
Weston McKennie,U.S.A.,CM
Andriy Lunin,Ukraine,GK
Breel Embolo,Switzerland,ST
Edin Džeko,Bosnia & Herzegovina,ST
Patrik Schick,Czechia,ST
Victor Boniface,Nigeria,ST
Benjamin Henrichs,Germany,RB
Nico Schlotterbeck,Germany,CB
Jason Steele,England,GK
Leon Bailey,Jamaica,RW
Richarlison,Brazil,ST
Jordan Henderson,England,CM
Harry Maguire,England,CB
Joe Willock,England,CM
Tyrone Mings,England,CB
Rico Henry,England,LB
Ibrahim Sangaré,Ivory Coast,CDM
Bernd Leno,Germany,GK
Noa Lang,Netherlands,LW
Donyell Malen,Netherlands,RW
Riccardo Orsolini,Italy,RW
Nicolò Zaniolo,Italy,RW
Giacomo Raspadori,Italy,ST
Giorgio Scalvini,Italy,CB
Arkadiusz Milik,Poland,ST
Juan Foyth,Argentina,RB
Denis Suárez,Spain,CM
Marc Cucurella,Spain,LB
Ander Barrenetxea,Spain,LW
Geoffrey Kondogbia,Central African Rep.,CDM
Jonathan Clauss,France,RB
Kevin Kampl,Slovenia,CM
Cheick Doucouré,Mali,CDM
Igor,Brazil,CB
Matheus Cunha,Brazil,ST
João Pedro,Brazil,ST
Christian Nørgaard,Denmark,CDM
Bryan Mbeumo,Cameroon,RW
Nikola Milenkovic,Serbia,CB
Diogo Dalot,Portugal,RB
Malick Thiaw,Germany,CB
Alejandro Garnacho,Argentina,LW
Rico Lewis,England,RB
Jonathan David,Canada,ST
Arthur,Brazil,CM
Nemanja Matic,Serbia,CDM
David De Gea,Spain,GK
Mario Hermoso,Spain,CB
Alfonso Pedraza,Spain,LB
Lazar Samardžic,Serbia,AMF
Marcão,Brazil,CB
Eric García,Spain,CB
Borja Iglesias,Spain,ST
Kang-In Lee,South Korea,RW
Ramy Bensebaïni,Algeria,LB
Andrej Kramaric,Croatia,ST
Julian Ryerson,Norway,RB
Aleix García,Spain,CM
Ellyes Skhiri,Tunisia,CDM
Matthias Ginter,Germany,CB
Lukas Klostermann,Germany,CB
David Raum,Germany,LB
Tammy Abraham,England,ST
Brennan Johnson,Wales,RW
Wataru Endo,Japan,CDM
Emiliano Buendía,Argentina,AMF
António Silva,Portugal,CB
Edon Zhegrova,Kosovo,RW
Justin Bijlow,Netherlands,GK
Gianluca Scamacca,Italy,ST
Alessandro Buongiorno,Italy,CB
Andrea Cambiaso,Italy,RB
Evan N'Dicka,Ivory Coast,CB
Khephren Thuram,France,CM
Youssouf Fofana,France,CM
Billy Gilmour,Scotland,CM
Arnaut Danjuma,Netherlands,LW
Alexander Sørloth,Norway,ST
Marcos Alonso,Spain,LB
Álvaro García,Spain,LW
Carles Pérez,Spain,RW
Igor Zubeldia,Spain,CB
Álex Baena,Spain,AMF
Yangel Herrera,Venezuela,CM
Amadou Haïdara,Mali,CM
Bradley Barcola,France,LW
Mario Götze,Germany,AMF
Robin Gosens,Germany,LB
Eljif Elmas,North Macedonia,AMF
Vincenzo Grifo,Italy,LW
Deniz Undav,Germany,ST
Lucas Perri,Brazil,GK
Mathias Jensen,Denmark,CM
Robert Sánchez,Spain,GK
Nordi Mukiele,France,RB
Yeremy Pino,Spain,RW
Tyler Adams,U.S.A.,CDM
Victor Lindelöf,Sweden,CB
Ousmane Diomande,Ivory Coast,CB
Leonardo Spinazzola,Italy,LB
Nicolò Fagioli,Italy,CM
Pierre Kalulu,France,CB
Adam Marušic,Montenegro,RB
Patric,Spain,CB
Samuel Chukwueze,Nigeria,RW
Mathías Olivera,Uruguay,LB
João Mário,Portugal,CM
Sead Kolašinac,Bosnia & Herzegovina,CB
Karim Adeyemi,Germany,LW
Umar Sadiq,Nigeria,ST
Matteo Ruggeri,Italy,LB
Mouctar Diakhaby,Guinea,CB
Dávid Hancko,Slovakia,CB
David Soria,Spain,GK
Ayoze Pérez,Spain,LW
Javi Galán,Spain,LB
Brice Samba,France,GK
Denis Zakaria,Switzerland,CDM
Facundo Medina,Argentina,CB
Ross Barkley,England,CM
Levi Colwill,England,CB
Dominic Solanke,England,ST
Jacob Ramsey,England,CM
Ryan Gravenberch,Netherlands,CM
Ðorde Petrovic,Serbia,GK
Kepa Arrizabalaga,Spain,GK
Jorge Cuenca,Spain,CB
Sávio,Brazil,LW
Myles Lewis-Skelly,England,CM
Mario Pašalic,Croatia,CM
Nikola Vlašic,Croatia,AMF
Jérémie Boga,Ivory Coast,LW
Scott McTominay,Scotland,CM
Cristiano Biraghi,Italy,LB
Nicolò Rovella,Italy,CDM
Santiago Giménez,Mexico,ST
Antony,Brazil,RW
Héctor Bellerín,Spain,RB
Gonçalo Guedes,Portugal,ST
Marc Roca,Spain,CM
Rodrigo Riquelme,Spain,LW
Terem Moffi,Nigeria,ST
Lucas Digne,France,LB
Valentin Rongier,France,CM
Philipp Lienhart,Austria,CB
Christoph Baumgartner,Austria,AMF
Felix Nmecha,Germany,CM
Sacha Boey,France,RB
Robert Andrich,Germany,CDM
Walter Benítez,Argentina,GK
Ben Davies,Wales,CB
Harvey Barnes,England,LW
Callum Hudson-Odoi,England,LW
Cole Palmer,England,AMF
Tino Livramento,England,RB
James Tarkowski,England,CB
Dan Burn,England,CB
Kenny Tete,Netherlands,RB
Justin Kluivert,Netherlands,LW
Ferdi Kadioglu,Türkiye,LB
Daichi Kamada,Japan,AMF
Kristoffer Ajer,Norway,CB
Aaron Hickey,Scotland,RB
Florentino Luís,Portugal,CDM
Beto,Guinea-Bissau,ST
Kevin Danso,Austria,CB
Noah Okafor,Switzerland,ST
Giovanni Simeone,Argentina,ST
Alexis Saelemaekers,Belgium,RW
Rasmus Højlund,Denmark,ST
Davide Zappacosta,Italy,RB
Alfred Duncan,Ghana,CM
Federico Bernardeschi,Italy,RW
Michele Di Gregorio,Italy,GK
Andrea Colpani,Italy,RW
Moise Kean,Italy,ST
Ivan Ilic,Serbia,CM
Duván Zapata,Colombia,ST
Jesper Karlsson,Sweden,LW
Odilon Kossounou,Ivory Coast,CB
Giovani Lo Celso,Argentina,AMF
Luiz Felipe,Italy,CB
Diego Llorente,Spain,CB
Yuri,Spain,LB
Íñigo Ruiz de Galarreta,Spain,CM
Alejandro Catena,Spain,CB
Borja Mayoral,Spain,ST
Santi Comesaña,Spain,CM
Álvaro Fidalgo,Spain,CM
Enes Ünal,Türkiye,ST
Matías Vecino,Uruguay,CM
Javi Guerra,Spain,CM
Nayef Aguerd,Morocco,CB
Kevin Trapp,Germany,GK
Takumi Minamino,Japan,AMF
Renato Sanches,Portugal,CM
Séko Fofana,Ivory Coast,CM
Ludovic Blas,France,RW
Sebastian Szymanski,Poland,AMF