Name,Nation,Age,Club,Position,League
Frenkie de Jong,Netherlands,29,Barcelona,CDM,First Division
Yangel Herrera,Venezuela,28,Real Sociedad,CDM,First Division
Brennan Johnson,Wales,25,Everton,"AMF, RW, LW, ST",Premier Division
Piotr Zielinski,Poland,32,Inter,AMF,Serie A
Edin Deko,Bosnia & Herzegovina,40,Schalke 04,ST,Bundesliga
Marc Guéhi,England,25,Manchester City,CB,Premier Division
Jan Paul van Hecke,Netherlands,26,Tottenham,CB,Premier Division
David Alaba,Austria,34,Free Agent,"CB, LB, CM",-
Weston McKennie,U.S.A.,27,Juventus,"RB, CM, RM",Serie A
Davide Zappacosta,Italy,34,Atalanta,"RB, LB, RM",Serie A
Ibrahima Konaté,France,27,Real Madrid,CB,First Division
Marcelo Brozovic,Croatia,33,Free Agent,CDM,-
Arkadiusz Milik,Poland,32,Juventus,ST,Serie A
Tino Livramento,England,23,Newcastle United,"RB, LB",Premier Division
Edon Zhegrova,Kosovo,27,Juventus,"AMF, RW, LW",Serie A
Riccardo Orsolini,Italy,29,Bologna,RW,Serie A
Reiss Nelson,England,26,Arsenal,"RW, LW",Premier Division
Mateo Kovacic,Croatia,32,Manchester City,CDM,Premier Division
Mike Maignan,France,31,AC Milan,GK,Serie A
Aymeric Laporte,Spain,32,Athletic Bilbao,CB,First Division
Juan Foyth,Argentina,28,Villarreal,"CB, RB, CDM",First Division
Declan Rice,England,27,Arsenal,"CB, CDM",Premier Division
Tijjani Reijnders,Netherlands,27,Manchester City,"CDM, AMF",Premier Division
Stanislav Lobotka,Slovakia,31,Napoli,CDM,Serie A
Álvaro Morata,Spain,33,Como,ST,Serie A
Lucas Ocampos,Argentina,32,Monterrey,"RW, LW, ST",First Division
Sergej Milinkovic-Savic,Serbia,31,Al-Hilal,AMF,Saudi Pro League
Marc Roca,Spain,29,Real Betis,CDM,First Division
Henrikh Mkhitaryan,Armenia,37,Inter,"CDM, AMF",Serie A
Yves Bissouma,Mali,29,Free Agent,CDM,-
Breel Embolo,Switzerland,29,Rennes,"AMF, RW, ST",Ligue 1 Uber Eats
Keylor Navas,Costa Rica,39,Pumas,GK,First Division
Fredrik Aursnes,Norway,30,Benfica,CDM,Premier League
Umar Sadiq,Nigeria,29,Valencia,ST,First Division
Nuno Mendes,Portugal,24,PSG,LB,Ligue 1 Uber Eats
Ruben Loftus-Cheek,England,30,AC Milan,"CDM, AMF",Serie A
Darwin Núñez,Uruguay,27,Al-Hilal,"LW, ST",Saudi Pro League
Federico Chiesa,Italy,28,Liverpool,"RW, LW, ST",Premier Division
Loïs Openda,Belgium,26,Lyon,ST,Ligue 1 Uber Eats
Donyell Malen,Netherlands,27,AS Roma,"RW, LW, ST",Serie A
Cristian Romero,Argentina,28,Tottenham,CB,Premier Division
Richarlison,Brazil,29,Tottenham,"RW, LW, ST",Premier Division
Randal Kolo Muani,France,27,Juventus,"RW, LW, ST",Serie A
Florentino Luís,Portugal,26,Ipswich Town,CDM,Premier Division
Nikola Vlaic,Croatia,28,Torino,"AMF, RW, LW",Serie A
Matías Vecino,Uruguay,34,Celta Vigo,CDM,First Division
Diogo Costa,Portugal,26,FC Porto,GK,Premier League
Kenny Tete,Netherlands,30,Fulham,RB,Premier Division
Mario Paalic,Croatia,31,Atalanta,AMF,Serie A
Walter Benítez,Argentina,33,Crystal Palace,GK,Premier Division
Robert Lewandowski,Poland,37,Chicago,ST,MLS
Christian Pulisic,U.S.A.,27,AC Milan,"AMF, RW, LW",Serie A
Nordi Mukiele,France,28,Sunderland,"CB, RB",Premier Division
William Saliba,France,25,Arsenal,CB,Premier Division
Raheem Sterling,England,31,Free Agent,"RW, LW",-
Gavi,Spain,21,Barcelona,"AMF, LW",First Division
Noa Lang,Netherlands,27,Napoli,"RW, LW",Serie A
James Ward-Prowse,England,31,West Ham United,"CDM, AMF",Sky Bet Championship
Justin Kluivert,Netherlands,27,Bournemouth,"AMF, RW, LW",Premier Division
Andrew Robertson,Scotland,32,Tottenham,LB,Premier Division
Javi Galán,Spain,31,Celta Vigo,LB,First Division
Hidemasa Morita,Japan,31,Hull City,CDM,Premier Division
Theo Hernández,France,28,Al-Hilal,"LB, LM",Saudi Pro League
Thiago Silva,Brazil,41,Fluminense,CB,First Division
Domenico Berardi,Italy,31,Sassuolo,RW,Serie A
Emile Smith Rowe,England,25,Fulham,"AMF, RW, LW",Premier Division
Artem Dovbyk,Ukraine,29,Bologna,ST,Serie A
Oleksandr Zinchenko,Ukraine,29,Free Agent,"LB, CDM",-
Jordan Pickford,England,32,Everton,GK,Premier Division
Philipp Lienhart,Austria,30,SC Freiburg,CB,Bundesliga
Ross Barkley,England,32,Aston Villa,"CDM, AMF",Premier Division
Andrea Colpani,Italy,27,Monza,AMF,Serie A
Ramy Bensebaïni,Algeria,31,Borussia Dortmund,"CB, LB",Bundesliga
Patric,Spain,33,Lazio,CB,Serie A
Valentin Rongier,France,31,Rennes,CDM,Ligue 1 Uber Eats
António Silva,Portugal,22,Bournemouth,CB,Premier Division
Bukayo Saka,England,24,Arsenal,"RW, LW",Premier Division
Alexander Isak,Sweden,26,Liverpool,ST,Premier Division
David Raya,Spain,30,Arsenal,GK,Premier Division
Julian Brandt,Germany,30,Ajax,"AMF, RW, LW",Eredivisie
Jurriën Timber,Netherlands,25,Arsenal,"CB, RB, LB",Premier Division
Federico Gatti,Italy,28,Juventus,CB,Serie A
Nicolò Rovella,Italy,24,Lazio,CDM,Serie A
Kang-In Lee,South Korea,25,Atletico Madrid,"AMF, RW, LW",First Division
Lorenzo Pellegrini,Italy,30,AS Roma,"CDM, AMF",Serie A
Ousmane Dembélé,France,29,PSG,"RW, LW",Ligue 1 Uber Eats
Vitinha,Portugal,26,PSG,CDM,Ligue 1 Uber Eats
Álex Grimaldo,Spain,30,Atletico Madrid,"LB, LM",First Division
Ayoze Pérez,Spain,32,Villarreal,"AMF, RW, LW, ST",First Division
Paulo Dybala,Argentina,32,AS Roma,"AMF, RW, ST",Serie A
Kurt Zouma,France,31,Free Agent,"CB, RB",-
Florian Wirtz,Germany,23,Liverpool,"AMF, RW, LW",Premier Division
David Soria,Spain,33,Getafe,GK,First Division
Giorgio Scalvini,Italy,22,Atalanta,CB,Serie A
Vincenzo Grifo,Italy,33,SC Freiburg,"AMF, LW",Bundesliga
Álex Baena,Spain,24,Atletico Madrid,"AMF, RW, LW",First Division
Kingsley Coman,France,30,Al-Nassr,"RW, LW",Saudi Pro League
Moussa Diaby,France,27,Al-Ittihad,"AMF, RW, LW, ST",Saudi Pro League
Dávid Hancko,Slovakia,28,Atletico Madrid,"CB, LB",First Division
Bernd Leno,Germany,34,Fulham,GK,Premier Division
Enzo Fernández,Argentina,25,Chelsea,"CDM, AMF",Premier Division
Nayef Aguerd,Morocco,30,Marseille,CB,Ligue 1 Uber Eats
Marcel Sabitzer,Austria,32,Borussia Dortmund,"CDM, AMF",Bundesliga
Nico Williams,Spain,24,Athletic Bilbao,"RW, LW",First Division
Leandro Trossard,Belgium,31,Beşiktaş,"AMF, RW, LW, ST",Super League
Danilo Pereira,Portugal,34,Al-Ittihad,"CB, CDM",Saudi Pro League
Allan Saint-Maximin,France,29,Charlotte FC,"RW, LW, ST",MLS
Pablo Sarabia,Spain,34,Al-Arabi,"AMF, RW, LW",Stars League
Joelinton,Brazil,29,Newcastle United,"AMF, LW",Premier Division
Yann Sommer,Switzerland,37,Club Brugge,GK,Jupiler Pro League
Ederson,Brazil,32,Fenerbahçe,GK,Serie A
Kevin Kampl,Slovenia,35,RB Leipzig,CDM,Bundesliga
Mason Mount,England,27,Manchester United,"AMF, RW, LW",Premier Division
Olivier Giroud,France,39,Lille,ST,Ligue 1 Uber Eats
Federico Valverde,Uruguay,27,Real Madrid,"AMF, RW",First Division
Benjamin White,England,28,Arsenal,"CB, RB",Premier Division
Lucas Digne,France,32,PSG,LB,Ligue 1 Uber Eats
Justin Bijlow,Netherlands,28,Genoa,GK,Serie A
Thomas Müller,Germany,36,Vancouver,"AMF, RW, ST",MLS
Kostas Tsimikas,Greece,30,Liverpool,LB,Premier Division
Daichi Kamada,Japan,29,Crystal Palace,AMF,Premier Division
Granit Xhaka,Switzerland,33,Sunderland,CDM,Premier Division
Luka Modric,Croatia,40,AC Milan,AMF,Serie A
Andreas Christensen,Denmark,30,Barcelona,CB,First Division
Robert Andrich,Germany,31,Bayer Leverkusen,"CB, CDM",Bundesliga
Alessandro Bastoni,Italy,27,Inter,CB,Serie A
João Cancelo,Portugal,32,Al-Hilal,"RB, LB",Saudi Pro League
Victor Osimhen,Nigeria,27,Galatasaray,ST,Super League
Iñaki Williams,Ghana,32,Athletic Bilbao,"AMF, RW, LW, ST",First Division
Julián Álvarez,Argentina,26,Atletico Madrid,"AMF, RW, LW, ST",First Division
Federico Dimarco,Italy,28,Inter,"CB, LB, LM",Serie A
Joshua Zirkzee,Netherlands,25,Manchester United,ST,Premier Division
Talisca,Brazil,32,Fenerbahçe,"AMF, RW, ST",Super League
Ludovic Blas,France,28,Rennes,"AMF, RW",Ligue 1 Uber Eats
Benjamin Henrichs,Germany,29,RB Leipzig,"RB, LB",Bundesliga
Gonçalo Ramos,Portugal,25,AC Milan,ST,Serie A
Jonathan Tah,Germany,30,Bayern Munich,"CB, RB",Bundesliga
José Giménez,Uruguay,31,Atletico Madrid,CB,First Division
Willi Orbán,Hungary,33,RB Leipzig,CB,Bundesliga
Antony,Brazil,26,Real Betis,RW,First Division
Ousmane Diomande,Ivory Coast,22,Nottingham Forest,CB,Premier Division
Iago Aspas,Spain,38,Celta Vigo,"AMF, RW, ST",First Division
Alexandr Golovin,Russia,30,AS Monaco,"AMF, LW",Ligue 1 Uber Eats
Viktor Gyökeres,Sweden,28,Arsenal,ST,Premier Division
Pau Torres,Spain,29,Aston Villa,CB,Premier Division
Danny Welbeck,England,35,Chelsea,"RW, LW, ST",Premier Division
Lautaro Martínez,Argentina,28,Inter,ST,Serie A
Denis Zakaria,Switzerland,29,AS Monaco,CDM,Ligue 1 Uber Eats
Pedro Porro,Spain,26,Tottenham,"RB, RM",Premier Division
Rúben Neves,Portugal,29,Al-Hilal,CDM,Saudi Pro League
Kevin Danso,Austria,27,Tottenham,CB,Premier Division
Giovanni Di Lorenzo,Italy,32,Napoli,RB,Serie A
Sebastián Coates,Uruguay,35,Nacional,CB,First Division
João Pedro,Brazil,24,Chelsea,"AMF, RW, LW, ST",Premier Division
Douglas Luiz,Brazil,28,Juventus,CDM,Serie A
Brice Samba,France,32,Rennes,GK,Ligue 1 Uber Eats
Tyler Adams,U.S.A.,27,Bournemouth,"RB, CDM",Premier Division
Marcão,Brazil,30,Sevilla,CB,First Division
Charles De Ketelaere,Belgium,25,Atalanta,"AMF, ST",Serie A
Reece James,England,26,Chelsea,"CB, RB",Premier Division
Youri Tielemans,Belgium,29,Manchester United,"CDM, AMF",Premier Division
Jonas Hofmann,Germany,33,Bayer Leverkusen,"AMF, RW",Bundesliga
Lucas Torreira,Uruguay,30,Galatasaray,CDM,Super League
N'Golo Kanté,France,35,Fenerbahçe,CDM,Super League
Pascal Groß,Germany,35,Brighton,"CDM, AMF",Premier Division
Ansu Fati,Spain,23,AS Monaco,"AMF, RW, LW, ST",Ligue 1 Uber Eats
Mario Götze,Germany,34,Eintracht Frankfurt,AMF,Bundesliga
Ismaël Bennacer,Algeria,28,Free Agent,CDM,-
James Maddison,England,29,Tottenham,"AMF, RW, LW",Premier Division
Nathan Aké,Netherlands,31,Fenerbahçe,"CB, LB, CDM",Super League
Renato Sanches,Portugal,28,PSG,"CDM, AMF",Ligue 1 Uber Eats
Nicolò Barella,Italy,29,Inter,CM,Serie A
Heung-Min Son,South Korea,34,LAFC,"LW, ST",MLS
Nahuel Molina,Argentina,28,AS Roma,"RB, RM",Serie A
Michael Olise,France,24,Bayern Munich,"AMF, RW",Bundesliga
Edson Álvarez,Mexico,28,West Ham United,"CB, CDM",Sky Bet Championship
Hakan Çalhanoglu,Türkiye,32,Inter,"CDM, AMF",Serie A
Marc Cucurella,Spain,27,Real Madrid,"CB, LB, LM",First Division
Alfred Duncan,Ghana,33,Venezia,CDM,Serie A
Yassine Bounou,Morocco,35,Al-Hilal,GK,Saudi Pro League
Manuel Akanji,Switzerland,30,Inter,"CB, RB",Serie A
Evanilson,Brazil,26,Bournemouth,ST,Premier Division
Fábio Vieira,Portugal,26,Arsenal,"AMF, RW, LW",Premier Division
Odilon Kossounou,Ivory Coast,25,Atalanta,"CB, RB",Serie A
Matteo Politano,Italy,32,Napoli,"RW, LW",Serie A
Callum Hudson-Odoi,England,25,Nottingham Forest,"AMF, RW, LW",Premier Division
Leonardo Spinazzola,Italy,33,Napoli,"LB, LM",Serie A
Lionel Messi,Argentina,39,Inter Miami,"AMF, RW, ST",MLS
Gerard Moreno,Spain,34,Villarreal,"RW, ST",First Division
Malick Thiaw,Germany,24,Newcastle United,CB,Premier Division
Jonathan Clauss,France,33,OGC Nice,"RB, RM",Ligue 1 Uber Eats
Thibaut Courtois,Belgium,34,Real Madrid,GK,First Division
Fabinho,Brazil,32,Free Agent,"CB, CDM",-
Neymar,Brazil,34,SAN,"AMF, LW, ST",Second Division
Adam Maruic,Montenegro,33,Lazio,"RB, LB",Serie A
Cristiano Ronaldo,Portugal,41,Al-Nassr,ST,Saudi Pro League
Matthijs de Ligt,Netherlands,26,Manchester United,CB,Premier Division
Eduardo Camavinga,France,23,Real Madrid,"LB, CDM",First Division
Kylian Mbappé,France,27,Real Madrid,"RW, LW, ST",First Division
Martín Zubimendi,Spain,27,Arsenal,CDM,Premier Division
Takehiro Tomiyasu,Japan,27,Crystal Palace,"CB, RB, LB",Premier Division
Ben Chilwell,England,29,Strasbourg,LB,Ligue 1 Uber Eats
Cheick Doucouré,Mali,26,Crystal Palace,CDM,Premier Division
Edmond Tapsoba,Burkina Faso,27,Bayer Leverkusen,CB,Bundesliga
Igor Zubeldia,Spain,29,Real Sociedad,"CB, CDM",First Division
Ivan Toney,England,30,Al-Ahli,ST,Saudi Pro League
Lutsharel Geertruida,Netherlands,25,RB Leipzig,"CB, RB, CDM",Bundesliga
Lewis Ferguson,Scotland,26,Bologna,"CDM, AMF",Serie A
Micky van de Ven,Netherlands,25,Tottenham,"CB, LB",Premier Division
Christian Nørgaard,Denmark,32,Everton,CDM,Premier Division
Pierre Kalulu,France,26,Juventus,"CB, RB",Serie A
Ivan Ilic,Serbia,25,Torino,"CDM, AMF",Serie A
Bruno Fernandes,Portugal,31,Manchester United,"AMF, RW",Premier Division
Rico Lewis,England,21,Manchester City,"RB, CDM",Premier Division
Callum Wilson,England,34,Brentford,ST,Premier Division
Borja Iglesias,Spain,33,Celta Vigo,ST,First Division
Myles Lewis-Skelly,England,19,Arsenal,"LB, CDM",Premier Division
Fabian Schär,Switzerland,34,Newcastle United,CB,Premier Division
Jesper Karlsson,Sweden,27,Bologna,"RW, LW, ST",Serie A
Bryan Cristante,Italy,31,AS Roma,CDM,Serie A
Gianluca Mancini,Italy,30,AS Roma,CB,Serie A
Deniz Undav,Germany,29,VfB Stuttgart,"AMF, ST",Bundesliga
Kaoru Mitoma,Japan,29,Brighton,LW,Premier Division
Joko Gvardiol,Croatia,24,Manchester City,"CB, LB",Premier Division
Federico Bernardeschi,Italy,32,Bologna,"RB, LB, RW, LW",Serie A
Leon Goretzka,Germany,31,Free Agent,"CDM, AMF",-
Ronald Araujo,Uruguay,27,Liverpool,"CB, RB",Premier Division
Reinildo,Mozambique,32,Sunderland,"CB, LB",Premier Division
Jacob Ramsey,England,25,Newcastle United,"AMF, LW",Premier Division
Kyle Walker,England,36,Burnley,RB,Sky Bet Championship
Felix Nmecha,Germany,25,Borussia Dortmund,"CDM, AMF",Bundesliga
Jérémy Doku,Belgium,24,Manchester City,"RW, LW, ST",Premier Division
Brahim Díaz,Morocco,26,Real Madrid,"AMF, RW",First Division
Ðorde Petrovic,Serbia,26,Bournemouth,GK,Premier Division
Marc-André ter Stegen,Germany,34,Ajax,GK,Eredivisie
Dani Carvajal,Spain,34,Free Agent,RB,-
José Gayà,Spain,31,Valencia,"LB, LW",First Division
Yan Couto,Brazil,24,Como,"RB, RW",Serie A
Julian Ryerson,Norway,28,Borussia Dortmund,"RB, LB",Bundesliga
Destiny Udogie,Italy,23,Tottenham,LB,Premier Division
Mats Hummels,Germany,37,Free Agent,CB,-
Dejan Kulusevski,Sweden,26,Tottenham,"AMF, RW",Premier Division
Dan Burn,England,34,Newcastle United,"CB, LB",Premier Division
Oihan Sancet,Spain,26,Athletic Bilbao,AMF,First Division
Virgil van Dijk,Netherlands,35,Liverpool,CB,Premier Division
Duan Vlahovic,Serbia,26,Beşiktaş,ST,Super League
Jude Bellingham,England,23,Real Madrid,"CDM, AMF",First Division
Marco Asensio,Spain,30,Fenerbahçe,"AMF, RW, LW",Super League
Sandro Tonali,Italy,26,Tottenham,CDM,Premier Division
Santiago Giménez,Mexico,25,AC Milan,ST,Serie A
Marco Verratti,Italy,33,Al-Duhail,CDM,Stars League
Kim Min-Jae,South Korea,29,Bayern Munich,CB,Bundesliga
John McGinn,Scotland,31,Aston Villa,"AMF, RW, LW",Premier Division
Arthur,Brazil,29,Juventus,CDM,Serie A
Joe Willock,England,26,Newcastle United,CM,Premier Division
Emre Can,Germany,32,Borussia Dortmund,"CB, CDM",Bundesliga
Nico Schlotterbeck,Germany,26,Borussia Dortmund,"CB, LB",Bundesliga
Sadio Mané,Senegal,34,Al-Nassr,"AMF, RW, LW, ST",Saudi Pro League
Bradley Barcola,France,23,PSG,"RW, LW, ST",Ligue 1 Uber Eats
Marquinhos,Brazil,32,PSG,"CB, CDM",Ligue 1 Uber Eats
Matteo Ruggeri,Italy,24,Atletico Madrid,LB,First Division
Robin Gosens,Germany,32,Schalke 04,"LB, LM",Bundesliga
Jamal Musiala,Germany,23,Bayern Munich,"AMF, RW, LW",Bundesliga
Harry Kane,England,32,Bayern Munich,"AMF, ST",Bundesliga
Romelu Lukaku,Belgium,33,Fenerbahçe,ST,Super League
Levi Colwill,England,23,Chelsea,"CB, LB",Premier Division
Jack Grealish,England,30,Manchester City,"AMF, RW, LW",Premier Division
Aleksandar Mitrovic,Serbia,31,Al-Rayyan,ST,Stars League
Duván Zapata,Colombia,35,Torino,ST,Serie A
Tyrone Mings,England,33,Aston Villa,"CB, LB",Premier Division
Gabriel Martinelli,Brazil,25,Arsenal,"RW, LW, ST",Premier Division
Youssef En-Nesyri,Morocco,29,Al-Ittihad,ST,Saudi Pro League
Alexander Sørloth,Norway,30,Atletico Madrid,ST,First Division
Kevin Trapp,Germany,36,Paris FC,GK,Ligue 1 Uber Eats
Leroy Sané,Germany,30,Galatasaray,"AMF, RW, LW",Super League
Otávio,Portugal,31,Al-Qadsiah,"AMF, RW, LW",First Division
Jorge Cuenca,Spain,26,Fulham,CB,Premier Division
Christoph Baumgartner,Austria,26,RB Leipzig,"AMF, ST",Bundesliga
Mateus Uribe,Colombia,35,Atlético Nacional,CDM,First Division
Terem Moffi,Nigeria,27,OGC Nice,ST,Ligue 1 Uber Eats
Nicolás Otamendi,Argentina,38,River Plate,CB,Premier Division
Harvey Elliott,England,23,Liverpool,"AMF, RW",Premier Division
Albert Guðmundsson,Iceland,29,Fiorentina,"AMF, RW, LW, ST",Serie A
Casemiro,Brazil,34,Inter Miami,CDM,MLS
Pedri,Spain,23,Barcelona,"AMF, RW, LW",First Division
Aaron Hickey,Scotland,24,Brentford,"RB, LB",Premier Division
Riyad Mahrez,Algeria,35,Free Agent,"RW, LW",-
Ryan Gravenberch,Netherlands,24,Liverpool,"CDM, AMF",Premier Division
Thomas Lemar,France,30,Atletico Madrid,"LB, AMF, LW",First Division
David De Gea,Spain,35,Fiorentina,GK,Serie A
Rico Henry,England,29,Brentford,LB,Premier Division
Martin Terrier,France,29,Bayer Leverkusen,"AMF, RW, LW, ST",Bundesliga
Luke Shaw,England,30,Manchester United,"CB, LB",Premier Division
Nemanja Matic,Serbia,37,Sassuolo,CDM,Serie A
Andrea Cambiaso,Italy,26,Juventus,"RB, LB, RM, LM",Serie A
David Neres,Brazil,29,Napoli,"RW, LW",Serie A
Robin Le Normand,Spain,29,Atletico Madrid,CB,First Division
Nicolás González,Argentina,28,Juventus,"RW, LW, ST",Serie A
Ederson,Brazil,27,Atalanta,"CDM, AMF",Serie A
Ezri Konsa,England,28,Aston Villa,CB,Premier Division
Erling Haaland,Norway,25,Manchester City,ST,Premier Division
John Stones,England,32,Inter,"CB, RB, CDM",Serie A
Benoît Badiashile,France,25,Chelsea,CB,Premier Division
Alessandro Buongiorno,Italy,27,Napoli,CB,Serie A
Serge Gnabry,Germany,30,Bayern Munich,"RW, LW, ST",Bundesliga
Jarrod Bowen,England,29,West Ham United,"RW, LW, ST",Sky Bet Championship
Sergio Canales,Spain,35,Racing Santander,AMF,First Division
Jonathan David,Canada,26,Juventus,"AMF, RW, LW, ST",Serie A
Davide Frattesi,Italy,26,Inter,CM,Serie A
Antoine Griezmann,France,35,Orlando City,"AMF, RW, LW, ST",MLS
Álex Remiro,Spain,31,Real Sociedad,GK,First Division
Lucas Vázquez,Spain,35,Bayer Leverkusen,"RB, RW",Bundesliga
Yan Diomandé,Ivory Coast,19,Real Madrid,"RW, LW",First Division
Dayot Upamecano,France,27,Bayern Munich,CB,Bundesliga
Boubacar Kamara,France,26,Aston Villa,CDM,Premier Division
Yuri,Spain,36,Athletic Bilbao,LB,First Division
Michele Di Gregorio,Italy,28,Juventus,GK,Serie A
Rafael Leão,Portugal,27,AC Milan,"LW, ST",Serie A
Lukas Klostermann,Germany,30,RB Leipzig,"CB, RB, LB",Bundesliga
Facundo Medina,Argentina,27,Bayer Leverkusen,CB,Bundesliga
Vinícius Júnior,Brazil,26,Real Madrid,"RW, LW, ST",First Division
André-Franck Zambo Anguissa,Cameroon,30,Napoli,CDM,Serie A
Rodri,Spain,30,Manchester City,"CB, CDM",Premier Division
Alejandro Garnacho,Argentina,22,Aston Villa,"RW, LW",Premier Division
Diego Llorente,Spain,32,Real Betis,CB,First Division
Trevoh Chalobah,England,27,Como,"CB, RB, CDM",Serie A
Giorgi Mamardashvili,Georgia,25,Liverpool,GK,Premier Division
Ander Barrenetxea,Spain,24,Real Sociedad,"RW, LW",First Division
Milan kriniar,Slovakia,31,Fenerbahçe,CB,Super League
Fred,Brazil,33,Fenerbahçe,CDM,Super League
João Palhinha,Portugal,31,Bayern Munich,CDM,Bundesliga
Nicolas Jackson,Senegal,25,Chelsea,"AMF, RW, LW, ST",Premier Division
Guglielmo Vicario,Italy,29,Tottenham,GK,Premier Division
Mattia Zaccagni,Italy,31,Lazio,"AMF, LW",Serie A
Kevin De Bruyne,Belgium,35,Napoli,"AMF, RW, LW",Serie A
Geoffrey Kondogbia,Central African Rep.,33,Marseille,CDM,Ligue 1 Uber Eats
Wataru Endo,Japan,33,Liverpool,CDM,Premier Division
Manuel Locatelli,Italy,28,Juventus,CDM,Serie A
João Mário,Portugal,26,Fiorentina,"RB, RM",Serie A
Mouctar Diakhaby,Guinea,29,Valencia,"CB, CDM",First Division
Victor Lindelöf,Sweden,31,Aston Villa,CB,Premier Division
Memphis Depay,Netherlands,32,Free Agent,"AMF, LW, ST",-
Moise Kean,Italy,26,Fiorentina,"RW, LW, ST",Serie A
Francesco Acerbi,Italy,38,Free Agent,CB,-
Ebere Eze,England,28,Arsenal,"AMF, LW",Premier Division
Pedro Gonçalves,Portugal,28,Sporting CP,"AMF, RW, LW",Premier League
Eljif Elmas,North Macedonia,26,RB Leipzig,"AMF, LW",Bundesliga
Enes Ünal,Türkiye,29,Getafe,ST,First Division
Dominik Szoboszlai,Hungary,25,Liverpool,"AMF, RW, LW",Premier Division
Manuel Neuer,Germany,40,Bayern Munich,GK,Bundesliga
Pepê,Brazil,29,FC Porto,"RB, RW, LW",Premier League
Fikayo Tomori,England,28,AC Milan,CB,Serie A
Gregor Kobel,Switzerland,28,Borussia Dortmund,GK,Bundesliga
Denis Suárez,Spain,32,Alavés,"AMF, LW",First Division
Khvicha Kvaratskhelia,Georgia,25,PSG,LW,Ligue 1 Uber Eats
Marcos Llorente,Spain,31,Atletico Madrid,"RB, CDM, AMF, RW",First Division
Xavi Simons,Netherlands,23,Tottenham,AMF,Premier Division
Victor Boniface,Nigeria,25,Bayer Leverkusen,ST,Bundesliga
Jeremie Frimpong,Netherlands,25,Liverpool,"RB, RM",Premier Division
Mohamed Salah,Egypt,34,Trabzonspor,"RW, LW, ST",Super League
Cole Palmer,England,24,Chelsea,"AMF, RW, LW",Premier Division
Sead Kolainac,Bosnia & Herzegovina,33,Atalanta,"CB, LB",Serie A
Patrik Schick,Czechia,30,Bayer Leverkusen,ST,Bundesliga
Rúben Dias,Portugal,29,Manchester City,CB,Premier Division
Bruno Guimarães,Brazil,28,Arsenal,CDM,Premier Division
Luis Suárez,Uruguay,39,Inter Miami,ST,MLS
Aleix García,Spain,29,Bayer Leverkusen,CDM,Bundesliga
Kieran Tierney,Scotland,29,Celtic,"CB, LB",William Hill SPFL
Jason Steele,England,35,Brighton,GK,Premier Division
Presnel Kimpembe,France,30,Al-Kharaitiyat,CB,Q-League
Dominic Solanke,England,28,Tottenham,ST,Premier Division
Kristoffer Ajer,Norway,28,Brentford,"CB, CDM",Premier Division
Konrad Laimer,Austria,29,Bayern Munich,"RB, CDM",Bundesliga
Alisson,Brazil,33,Liverpool,GK,Premier Division
Samuel Chukwueze,Nigeria,27,AC Milan,"RW, LW",Serie A
Bremer,Brazil,29,Juventus,CB,Serie A
Matheus Cunha,Brazil,27,Manchester United,"AMF, RW, LW, ST",Premier Division
Rasmus Højlund,Denmark,23,Napoli,ST,Serie A
Ibrahim Sangaré,Ivory Coast,28,Nottingham Forest,CDM,Premier Division
Gabriel Jesus,Brazil,29,Arsenal,"RW, LW, ST",Premier Division
Rafa,Portugal,33,Benfica,"AMF, RW, LW",Premier League
Andrej Kramaric,Croatia,35,TSG Hoffenheim,"AMF, ST",Bundesliga
Thomas Partey,Ghana,33,Free Agent,"RB, CDM",-
Franck Kessié,Ivory Coast,29,Free Agent,CDM,-
Xaver Schlager,Austria,28,Nottingham Forest,CDM,Premier Division
Lazar Samardic,Serbia,24,Atalanta,AMF,Serie A
Luis Díaz,Colombia,29,Bayern Munich,"RW, LW",Bundesliga
Danilo,Brazil,34,Flamengo,"CB, RB, LB",First Division
Teun Koopmeiners,Netherlands,28,Juventus,"CDM, AMF",Serie A
Lucas Paquetá,Brazil,28,Flamengo,"CDM, AMF, LW",First Division
Joe Gomez,England,29,Liverpool,"CB, RB, LB",Premier Division
Achraf Hakimi,Morocco,27,PSG,"RB, RM",Ligue 1 Uber Eats
Marten de Roon,Netherlands,35,Atalanta,CDM,Serie A
Ferdi Kadioglu,Türkiye,26,Brighton,"RB, LB",Premier Division
Nick Pope,England,34,Newcastle United,GK,Premier Division
Koke,Spain,34,Atletico Madrid,"CDM, CM, RM, LM",First Division
Igor,Brazil,28,Brighton,"CB, LB",Premier Division
Wojciech Szczesny,Poland,36,Barcelona,GK,First Division
Marcus Thuram,France,28,Inter,"LW, ST",Serie A
Alphonso Davies,Canada,25,Bayern Munich,"LB, LW",Bundesliga
Arnaut Danjuma,Netherlands,29,Valencia,"RW, LW",First Division
Amir Rrahmani,Kosovo,32,Napoli,CB,Serie A
Yeremy Pino,Spain,23,Crystal Palace,"AMF, RW, LW, ST",Premier Division
Marcus Rashford,England,28,Manchester United,"LW, ST",Premier Division
Eddie Nketiah,England,27,Crystal Palace,"RW, LW, ST",Premier Division
Yannick Carrasco,Belgium,32,Al-Shabab,"LB, RW, LW",Saudi Pro League
Mauro Icardi,Argentina,33,Free Agent,ST,-
Giovanni Simeone,Argentina,31,Torino,ST,Serie A
Leon Bailey,Jamaica,28,Aston Villa,"RW, LW",Premier Division
Moisés Caicedo,Ecuador,24,Chelsea,CDM,Premier Division
Javi Guerra,Spain,23,Valencia,"CDM, AMF, RW",First Division
Emiliano Buendía,Argentina,29,Aston Villa,"AMF, RW",Premier Division
Nikola Milenkovic,Serbia,28,Nottingham Forest,CB,Premier Division
Beto,Guinea-Bissau,28,Everton,ST,Premier Division
Sacha Boey,France,25,Bayern Munich,RB,Bundesliga
Rodrigo De Paul,Argentina,32,Inter Miami,"AMF, RW",MLS
Warren Zaïre-Emery,France,20,PSG,CDM,Ligue 1 Uber Eats
Pervis Estupiñán,Ecuador,28,AC Milan,"LB, LM",Serie A
Édouard Mendy,Senegal,34,Al-Ahli,GK,Saudi Pro League
Jérémie Boga,Ivory Coast,29,Juventus,"AMF, LW",Serie A
Jules Koundé,France,27,Barcelona,"CB, RB",First Division
Scott McTominay,Scotland,29,Napoli,"CDM, AMF",Serie A
Pape Matar Sarr,Senegal,23,Tottenham,CDM,Premier Division
Gabriel,Brazil,28,Arsenal,CB,Premier Division
Dani Olmo,Spain,28,Barcelona,"AMF, RW, LW",First Division
Miguel Gutiérrez,Spain,24,Bayer Leverkusen,LB,Bundesliga
Karim Benzema,France,38,Al-Hilal,ST,Saudi Pro League
Ángel Di María,Argentina,38,Rosario Central,"AMF, RW, LW, ST",Premier Division
Adrien Rabiot,France,31,AC Milan,"CDM, CM, LM",Serie A
Bryan Mbeumo,Cameroon,26,Manchester United,"RW, LW, ST",Premier Division
Exequiel Palacios,Argentina,27,Bayer Leverkusen,CDM,Bundesliga
Anthony Gordon,England,25,Barcelona,"AMF, RW, LW, ST",First Division
Ciro Immobile,Italy,36,Paris FC,ST,Ligue 1 Uber Eats
Aurélien Tchouameni,France,26,Real Madrid,CDM,First Division
James Tarkowski,England,33,Everton,CB,Premier Division
Sergio Ramos,Spain,40,Free Agent,CB,-
Takefusa Kubo,Japan,25,Real Sociedad,"AMF, RW, ST",First Division
Carlos Augusto,Brazil,27,Inter,"LB, LM",Serie A
Sven Botman,Netherlands,26,Newcastle United,"CB, LB",Premier Division
Rodrygo,Brazil,25,Real Madrid,"RW, LW, ST",First Division
Dani Vivian,Spain,27,Athletic Bilbao,"CB, CDM",First Division
Khephren Thuram,France,25,Juventus,CDM,Serie A
Héctor Bellerín,Spain,31,Real Betis,RB,First Division
Dani Ceballos,Spain,29,Free Agent,CM,-
Álvaro Fidalgo,Spain,29,Real Betis,"AMF, LW",First Division
Ilkay Gündogan,Germany,35,Galatasaray,"CDM, AMF",Super League
Curtis Jones,England,25,Liverpool,"AMF, LW",Premier Division
Cristiano Biraghi,Italy,33,Torino,LB,Serie A
Unai Simón,Spain,29,Athletic Bilbao,GK,First Division
Lucas Hernández,France,30,PSG,"CB, LB",Ligue 1 Uber Eats
Mohammed Kudus,Ghana,25,Tottenham,"AMF, RW, ST",Premier Division
Mikel Oyarzábal,Spain,29,Real Sociedad,"AMF, RW, LW, ST",First Division
Takumi Minamino,Japan,31,AS Monaco,"AMF, LW",Ligue 1 Uber Eats
Phil Foden,England,26,Manchester City,"AMF, RW, LW",Premier Division
Axel Disasi,France,28,Chelsea,CB,Premier Division
Matheus Nunes,Portugal,27,Manchester City,"AMF, RW",Premier Division
Jordan Henderson,England,36,Chelsea,CDM,Premier Division
Álex Moreno,Spain,33,Girona,"LB, LW",Second Division
Raphinha,Brazil,29,Barcelona,"RW, LW",First Division
Harry Maguire,England,33,Manchester United,CB,Premier Division
Luis Alberto,Spain,33,Al-Wakrah,AMF,Stars League
Lewis Dunk,England,34,Brighton,CB,Premier Division
Kai Havertz,Germany,27,Arsenal,"AMF, ST",Premier Division
Alfonso Pedraza,Spain,30,Lazio,"LB, LW",Serie A
Marcos Alonso,Spain,35,Celta Vigo,"CB, LB, LM",First Division
David Raum,Germany,28,RB Leipzig,"LB, LM",Bundesliga
Gonçalo Guedes,Portugal,29,Real Sociedad,"AMF, RW, LW, ST",First Division
Noussair Mazraoui,Morocco,28,Manchester United,"RB, LB, CDM, CM, RM",Premier Division
Fabián,Spain,30,PSG,"CDM, AMF",Ligue 1 Uber Eats
Billy Gilmour,Scotland,25,Napoli,CDM,Serie A
Harvey Barnes,England,28,Newcastle United,"AMF, RW, LW",Premier Division
Isco,Spain,34,Real Betis,"AMF, RW, LW",First Division
Nicolò Fagioli,Italy,25,Fiorentina,"CDM, AMF",Serie A
Alejandro Balde,Spain,22,Barcelona,"LB, LW",First Division
Sebastian Szymanski,Poland,27,Rennes,"AMF, RW, LW",Ligue 1 Uber Eats
Ricardo Horta,Portugal,31,Braga,"AMF, RW, LW, ST",Premier League
Bernardo Silva,Portugal,31,Real Madrid,"AMF, RW",First Division
Wesley Fofana,France,25,Chelsea,CB,Premier Division
Emiliano Martínez,Argentina,33,Aston Villa,GK,Premier Division
Antonio Rüdiger,Germany,33,Real Madrid,CB,First Division
Lisandro Martínez,Argentina,28,Manchester United,"CB, LB",Premier Division
Cody Gakpo,Netherlands,27,Liverpool,"AMF, RW, LW, ST",Premier Division
Ferland Mendy,France,31,Real Madrid,LB,First Division
Mario Hermoso,Spain,31,AS Roma,"CB, LB",Serie A
Héctor Herrera,Mexico,36,Houston,CDM,MLS
Álvaro García,Spain,33,Rayo Vallecano,LW,First Division
Gianluigi Donnarumma,Italy,27,Manchester City,GK,Premier Division
Manuel Ugarte,Uruguay,25,Manchester United,CDM,Premier Division
Kalidou Koulibaly,Senegal,35,Al-Hilal,CB,Saudi Pro League
Séko Fofana,Ivory Coast,31,Rennes,CDM,Ligue 1 Uber Eats
Ellyes Skhiri,Tunisia,31,Eintracht Frankfurt,CDM,Bundesliga
Ben Davies,Wales,33,Tottenham,"CB, LB",Premier Division
Denzel Dumfries,Netherlands,30,Real Madrid,"RB, RM",First Division
Lucas Perri,Brazil,28,Leeds United,GK,Premier Division
Giovani Lo Celso,Argentina,30,Real Betis,"CDM, AMF, LW",First Division
Giacomo Raspadori,Italy,26,Atalanta,"AMF, RW, LW, ST",Serie A
Eric García,Spain,25,Barcelona,CB,First Division
Rodrigo Riquelme,Spain,26,Real Betis,"LB, AMF, RW, LW",First Division
Mathías Olivera,Uruguay,28,Napoli,"LB, LM",Serie A
Robert Sánchez,Spain,28,Chelsea,GK,Premier Division
Tammy Abraham,England,28,Aston Villa,ST,Premier Division
Alejandro Catena,Spain,31,Osasuna,CB,First Division
Matthias Ginter,Germany,32,SC Freiburg,"CB, RB",Bundesliga
Youssouf Fofana,France,27,AC Milan,CDM,Serie A
Sávio,Brazil,22,Manchester City,"RW, LW",Premier Division
Martin Ødegaard,Norway,27,Arsenal,AMF,Premier Division
Ferran Torres,Spain,26,Barcelona,"RW, LW, ST",First Division
Christopher Nkunku,France,28,AC Milan,"AMF, RW, LW, ST",Serie A
Karim Adeyemi,Germany,24,Barcelona,"RW, LW, ST",First Division
Dominic Calvert-Lewin,England,29,Leeds United,ST,Premier Division
Mikel Merino,Spain,30,Arsenal,CDM,Premier Division
Evan N'Dicka,Ivory Coast,26,AS Roma,"CB, LB",Serie A
Alexis Mac Allister,Argentina,27,Liverpool,"CDM, AMF",Premier Division
Serhou Guirassy,Guinea,30,Borussia Dortmund,ST,Bundesliga
Joachim Andersen,Denmark,30,Fulham,CB,Premier Division
Mathias Jensen,Denmark,30,Brentford,CM,Premier Division
João Félix,Portugal,26,Al-Nassr,"AMF, RW, LW, ST",Saudi Pro League
Conor Gallagher,England,26,Tottenham,"CDM, AMF",Premier Division
Diogo Dalot,Portugal,27,Manchester United,"RB, LB",Premier Division
Alex Meret,Italy,29,Napoli,GK,Serie A
Jan Oblak,Slovenia,33,Atletico Madrid,GK,First Division
Amadou Haïdara,Mali,28,RC Lens,CDM,Ligue 1 Uber Eats
Nicolò Zaniolo,Italy,27,Udinese,"AMF, RW, LW, ST",Serie A
Noah Okafor,Switzerland,26,Leeds United,"RW, LW, ST",Premier Division
Santi Comesaña,Spain,29,Villarreal,CDM,First Division
Benjamin Pavard,France,30,Inter,"CB, RB",Serie A
Gianluca Scamacca,Italy,27,Atalanta,ST,Serie A
Carlos Soler,Spain,29,Real Sociedad,"AMF, RW",First Division
Carles Pérez,Spain,28,Celta Vigo,"AMF, RW, LW",First Division
Morten Hjulmand,Denmark,27,Atletico Madrid,CDM,First Division
Ollie Watkins,England,30,Aston Villa,"RW, LW, ST",Premier Division
Trent Alexander-Arnold,England,27,Real Madrid,"RB, CDM",First Division
Éder Militão,Brazil,28,Real Madrid,CB,First Division
Ademola Lookman,Nigeria,28,Atletico Madrid,"AMF, RW, LW, ST",First Division
Rodrigo Bentancur,Uruguay,29,Tottenham,CDM,Premier Division
Kepa Arrizabalaga,Spain,31,Arsenal,GK,Premier Division
Andriy Lunin,Ukraine,27,Real Madrid,GK,First Division
Alessio Romagnoli,Italy,31,Lazio,CB,Serie A
Kieran Trippier,England,35,Wolves,RB,Sky Bet Championship
Guido Rodríguez,Argentina,32,Valencia,CDM,First Division
Íñigo Ruiz de Galarreta,Spain,32,Athletic Bilbao,CDM,First Division
Luiz Felipe,Italy,29,Rayo Vallecano,CB,First Division
Alexis Saelemaekers,Belgium,27,AC Milan,"RB, RW, LW",Serie A
Joshua Kimmich,Germany,31,Bayern Munich,"RB, CDM",Bundesliga
Borja Mayoral,Spain,29,Getafe,ST,First Division
Ivan Provedel,Italy,32,Inter,GK,Serie A
