Name,Ability,Times Acquired,Acquisition Rate,Avg Price,Ability Per Price,Win Rate
Kevin De Bruyne,190.0,11424,0.0571,22599789.92,8.41e-06,0.7102
Erling Haaland,188.0,9020,0.0451,22251995.57,8.45e-06,0.7069
Kylian Mbappé,188.0,13424,0.0671,22101013.11,8.51e-06,0.6932
Lionel Messi,185.0,13370,0.0669,22306806.28,8.29e-06,0.6705
Harry Kane,184.0,10257,0.0513,22325533.78,8.24e-06,0.6613
Vinícius Júnior,184.0,13022,0.0651,22281984.33,8.26e-06,0.6583
Rodri,180.0,11303,0.0565,22484650.09,8.01e-06,0.6389
Thibaut Courtois,181.0,15638,0.0782,21303299.65,8.5e-06,0.628
Mohamed Salah,181.0,13410,0.067,22422595.08,8.07e-06,0.6257
Jude Bellingham,177.0,7787,0.0389,22647746.24,7.82e-06,0.6171
Virgil van Dijk,178.0,9817,0.0491,22525516.96,7.9e-06,0.6142
Robert Lewandowski,178.0,9052,0.0453,22296288.11,7.98e-06,0.6037
Declan Rice,176.0,11487,0.0574,22123182.73,7.96e-06,0.598
Bernardo Silva,178.0,10896,0.0545,22150513.95,8.04e-06,0.591
Alisson,176.0,15369,0.0768,21325785.67,8.25e-06,0.5838
Joshua Kimmich,174.0,15543,0.0777,21817152.42,7.98e-06,0.5828
Marc-André ter Stegen,175.0,15223,0.0761,21002561.91,8.33e-06,0.5722
Neymar,175.0,11698,0.0585,22293981.88,7.85e-06,0.5641
Rúben Dias,173.0,10084,0.0504,22420567.24,7.72e-06,0.5601
Bukayo Saka,174.0,10996,0.055,22456529.65,7.75e-06,0.5587
Eduardo Camavinga,170.0,12404,0.062,22262495.97,7.64e-06,0.5542
Lautaro Martínez,173.0,9254,0.0463,22183272.1,7.8e-06,0.554
Martin Ødegaard,173.0,4743,0.0237,22466793.17,7.7e-06,0.5425
Luka Modric,171.0,4858,0.0243,22566899.96,7.58e-06,0.5373
Antoine Griezmann,172.0,13506,0.0675,22200059.23,7.75e-06,0.5312
Ronald Araujo,170.0,17188,0.0859,21861356.76,7.78e-06,0.5305
Jan Oblak,171.0,15430,0.0771,21335320.8,8.01e-06,0.5295
Bruno Fernandes,171.0,10870,0.0544,22552529.9,7.58e-06,0.5226
Phil Foden,169.0,11523,0.0576,22392085.39,7.55e-06,0.5184
Victor Osimhen,169.0,9097,0.0455,22472573.38,7.52e-06,0.5131
Heung-Min Son,170.0,11017,0.0551,22112825.63,7.69e-06,0.5121
Ilkay Gündogan,167.0,7741,0.0387,22263144.3,7.5e-06,0.5069
Leroy Sané,169.0,11455,0.0573,22406634.66,7.54e-06,0.4993
Frenkie de Jong,165.0,5759,0.0288,22617989.23,7.3e-06,0.4951
John Stones,166.0,17651,0.0883,21848733.78,7.6e-06,0.4939
Rodrygo,168.0,13316,0.0666,22176854.91,7.58e-06,0.4936
Federico Valverde,168.0,10845,0.0542,22330567.08,7.52e-06,0.491
Bruno Guimarães,165.0,5705,0.0285,22355828.22,7.38e-06,0.4897
Éder Militão,166.0,10069,0.0503,22184526.77,7.48e-06,0.488
Antonio Rüdiger,166.0,10051,0.0503,22229628.89,7.47e-06,0.4861
Kyle Walker,164.0,14529,0.0726,21631495.63,7.58e-06,0.4819
Ousmane Dembélé,167.0,10998,0.055,22362884.16,7.47e-06,0.4768
William Saliba,164.0,9915,0.0496,22013414.02,7.45e-06,0.4694
Gabriel Jesus,165.0,13237,0.0662,22335650.07,7.39e-06,0.4656
Trent Alexander-Arnold,162.0,15695,0.0785,21907295.32,7.39e-06,0.4655
Karim Benzema,165.0,9237,0.0462,22369384.0,7.38e-06,0.4587
Marquinhos,163.0,11575,0.0579,22323369.33,7.3e-06,0.4582
Jack Grealish,164.0,11130,0.0556,22482030.55,7.29e-06,0.4542
Kim Min-Jae,162.0,10016,0.0501,22342551.92,7.25e-06,0.4536
Cristian Romero,162.0,10116,0.0506,22206405.69,7.3e-06,0.4526
Rafael Leão,163.0,10987,0.0549,22376808.96,7.28e-06,0.4485
Theo Hernández,158.0,10684,0.0534,22155185.32,7.13e-06,0.4484
Marco Verratti,160.0,5805,0.029,22568475.45,7.09e-06,0.4463
Achraf Hakimi,161.0,14597,0.073,21493389.05,7.49e-06,0.446
Lucas Hernández,161.0,14207,0.071,22003730.56,7.32e-06,0.4448
N'Golo Kanté,160.0,5708,0.0285,22368430.27,7.15e-06,0.4425
Reece James,161.0,17328,0.0866,21743594.18,7.4e-06,0.4425
Manuel Neuer,162.0,15656,0.0783,21234095.55,7.63e-06,0.4407
Nicolò Barella,161.0,65610,0.3281,15775659.2,1.021e-05,0.4406
Hakan Çalhanoglu,160.0,7717,0.0386,22767785.41,7.03e-06,0.4393
Pedri,162.0,11410,0.057,22464417.18,7.21e-06,0.4375
Luke Shaw,159.0,14386,0.0719,22075698.6,7.2e-06,0.4372
João Cancelo,158.0,17799,0.089,21816675.09,7.24e-06,0.4368
Andrew Robertson,157.0,10771,0.0539,22399777.18,7.01e-06,0.4339
Khvicha Kvaratskhelia,162.0,6515,0.0326,22532770.53,7.19e-06,0.4319
Luis Díaz,162.0,11205,0.056,22244265.95,7.28e-06,0.4319
Gianluigi Donnarumma,161.0,15384,0.0769,21106409.26,7.63e-06,0.4292
Kieran Trippier,159.0,14364,0.0718,21772208.3,7.3e-06,0.4287
Christopher Nkunku,162.0,13525,0.0676,22199852.13,7.3e-06,0.4279
Ferland Mendy,156.0,10608,0.053,22290535.44,7e-06,0.4244
Sergej Milinkovic-Savic,160.0,4754,0.0238,22793857.8,7.02e-06,0.4234
Kingsley Coman,162.0,11052,0.0553,22365816.14,7.24e-06,0.423
David Alaba,159.0,66041,0.3302,15907496.86,1e-05,0.4211
Cristiano Ronaldo,160.0,9206,0.046,22485661.53,7.12e-06,0.4208
Matthijs de Ligt,159.0,10124,0.0506,22260964.05,7.14e-06,0.419
Enzo Fernández,158.0,7877,0.0394,22785578.27,6.93e-06,0.4186
Raheem Sterling,161.0,11269,0.0563,22293104.98,7.22e-06,0.4181
Alexis Mac Allister,158.0,7758,0.0388,22689095.13,6.96e-06,0.4176
José Gayà,157.0,12587,0.0629,22208786.84,7.07e-06,0.4135
Yves Bissouma,157.0,5767,0.0288,22157967.75,7.09e-06,0.4123
Jules Koundé,158.0,17104,0.0855,21791861.55,7.25e-06,0.4115
Dejan Kulusevski,160.0,10836,0.0542,22546788.48,7.1e-06,0.4109
Aurélien Tchouameni,157.0,5745,0.0287,22239860.75,7.06e-06,0.4099
Dayot Upamecano,158.0,9962,0.0498,22249347.52,7.1e-06,0.4092
Marcus Rashford,160.0,10992,0.055,22231168.12,7.2e-06,0.4085
Sandro Tonali,157.0,5941,0.0297,22498569.26,6.98e-06,0.4083
Casemiro,157.0,5909,0.0295,22561008.63,6.96e-06,0.4075
Nicolás Otamendi,158.0,10025,0.0501,22500748.13,7.02e-06,0.4065
Vitinha,156.0,5893,0.0295,22427795.69,6.96e-06,0.4057
Federico Dimarco,157.0,14375,0.0719,22016069.57,7.13e-06,0.4056
Iñaki Williams,159.0,13606,0.068,22329854.48,7.12e-06,0.4051
Gabriel Martinelli,160.0,13291,0.0665,22188097.21,7.21e-06,0.4041
Milan kriniar,158.0,10037,0.0502,22034671.71,7.17e-06,0.4041
Ben Chilwell,155.0,10727,0.0536,22169199.22,6.99e-06,0.404
Marco Asensio,159.0,11344,0.0567,22261371.65,7.14e-06,0.4036
João Palhinha,155.0,5910,0.0295,22483248.73,6.89e-06,0.4029
Mike Maignan,159.0,15427,0.0771,21061709.99,7.55e-06,0.4009
Pervis Estupiñán,155.0,10617,0.0531,22276443.44,6.96e-06,0.4006
Sven Botman,156.0,14336,0.0717,21823939.73,7.15e-06,0.4005
Jamal Musiala,158.0,11230,0.0561,22314247.55,7.08e-06,0.4004
Alphonso Davies,156.0,12601,0.063,22128640.58,7.05e-06,0.3996
Nathan Aké,156.0,15087,0.0754,22240737.06,7.01e-06,0.3995
James Maddison,159.0,11384,0.0569,22345309.21,7.12e-06,0.3979
Leon Goretzka,157.0,7682,0.0384,22373340.28,7.02e-06,0.3973
Lisandro Martínez,155.0,14193,0.071,22137462.13,7e-06,0.3966
Ángel Di María,158.0,13602,0.068,22246287.31,7.1e-06,0.3957
Koke,157.0,65425,0.3271,15806557.13,9.93e-06,0.395
Álex Grimaldo,154.0,10795,0.054,22058638.26,6.98e-06,0.3941
Pau Torres,156.0,10051,0.0503,22472589.79,6.94e-06,0.3935
Henrikh Mkhitaryan,156.0,7681,0.0384,22170941.28,7.04e-06,0.3928
Oleksandr Zinchenko,155.0,12440,0.0622,22240996.78,6.97e-06,0.3925
Rodrigo Bentancur,156.0,5698,0.0285,22399613.9,6.96e-06,0.3924
Benjamin Pavard,156.0,17058,0.0853,21763395.47,7.17e-06,0.3922
Moisés Caicedo,156.0,5725,0.0286,22286288.21,7e-06,0.3921
Viktor Gyökeres,158.0,9018,0.0451,22115324.91,7.14e-06,0.392
Ibrahima Konaté,156.0,10118,0.0506,22312808.86,6.99e-06,0.3891
Guido Rodríguez,155.0,5776,0.0289,22682132.96,6.83e-06,0.3887
Thomas Partey,155.0,15568,0.0778,21851169.06,7.09e-06,0.3876
Gabriel,156.0,10064,0.0503,22337142.29,6.98e-06,0.3862
Romelu Lukaku,157.0,8990,0.0449,22334593.99,7.03e-06,0.3861
Franck Kessié,155.0,5863,0.0293,22190516.8,6.98e-06,0.3858
Yannick Carrasco,155.0,15005,0.075,22055981.34,7.03e-06,0.3853
Emiliano Martínez,157.0,15376,0.0769,21079409.47,7.45e-06,0.385
Adrien Rabiot,156.0,65662,0.3283,15850141.63,9.84e-06,0.384
Thiago Silva,156.0,10110,0.0505,22301978.24,6.99e-06,0.3827
Gregor Kobel,156.0,15449,0.0772,21102466.18,7.39e-06,0.3805
Mats Hummels,155.0,9987,0.0499,22448983.68,6.9e-06,0.3799
Benjamin White,155.0,17011,0.0851,21660102.29,7.16e-06,0.3799
Marcelo Brozovic,155.0,5722,0.0286,22229639.99,6.97e-06,0.3796
Dani Carvajal,155.0,14334,0.0717,21824473.28,7.1e-06,0.3792
Nuno Mendes,152.0,10970,0.0549,22251504.1,6.83e-06,0.3789
Duan Vlahovic,156.0,9118,0.0456,22208708.05,7.02e-06,0.3788
Bremer,155.0,9858,0.0493,22289003.85,6.95e-06,0.3779
Marcus Thuram,157.0,10921,0.0546,22389799.47,7.01e-06,0.3774
Alexander Isak,156.0,8972,0.0449,22598082.92,6.9e-06,0.3768
Alessandro Bastoni,154.0,9936,0.0497,22556562.0,6.83e-06,0.3759
Danilo Pereira,154.0,11480,0.0574,22238588.85,6.92e-06,0.3759
Pedro Porro,154.0,14608,0.073,21769167.58,7.07e-06,0.3747
Wojciech Szczesny,156.0,15395,0.077,21093861.64,7.4e-06,0.374
Olivier Giroud,156.0,8886,0.0444,22049178.48,7.08e-06,0.3738
Darwin Núñez,156.0,10890,0.0544,22198714.42,7.03e-06,0.3736
Serge Gnabry,156.0,13383,0.0669,22222072.78,7.02e-06,0.3732
Giovanni Di Lorenzo,154.0,14279,0.0714,21484347.64,7.17e-06,0.3731
Yann Sommer,156.0,15388,0.0769,21042370.68,7.41e-06,0.373
Manuel Akanji,154.0,17127,0.0856,21661411.81,7.11e-06,0.3727
Federico Chiesa,156.0,13450,0.0673,22408921.93,6.96e-06,0.3719
Mason Mount,156.0,11454,0.0573,22254321.63,7.01e-06,0.3702
Diogo Costa,155.0,15405,0.077,21049789.03,7.36e-06,0.3701
Mauro Icardi,155.0,8993,0.045,22285555.43,6.96e-06,0.3688
Paulo Dybala,155.0,13136,0.0657,22101020.1,7.01e-06,0.3678
Andreas Christensen,154.0,9978,0.0499,22513028.66,6.84e-06,0.3677
Lewis Dunk,154.0,10062,0.0503,22606638.84,6.81e-06,0.3665
Ismaël Bennacer,152.0,5757,0.0288,22345145.04,6.8e-06,0.3649
Sebastián Coates,154.0,10157,0.0508,22444225.66,6.86e-06,0.3649
Thomas Müller,155.0,13398,0.067,22555829.23,6.87e-06,0.3646
Mikel Merino,153.0,5718,0.0286,22500524.66,6.8e-06,0.3636
André-Franck Zambo Anguissa,153.0,5791,0.029,22435503.37,6.82e-06,0.3633
Jarrod Bowen,155.0,12988,0.0649,22251539.88,6.97e-06,0.3633
Guglielmo Vicario,155.0,15457,0.0773,21022578.77,7.37e-06,0.3627
Granit Xhaka,152.0,5787,0.0289,22175911.53,6.85e-06,0.3624
Sergio Canales,155.0,4724,0.0236,22853302.29,6.78e-06,0.3603
Dani Olmo,155.0,11252,0.0563,22481958.76,6.89e-06,0.3589
Rafa,155.0,11382,0.0569,22604814.62,6.86e-06,0.3586
Mateo Kovacic,152.0,5797,0.029,22392961.88,6.79e-06,0.3585
Julian Brandt,154.0,11379,0.0569,22240794.45,6.92e-06,0.3584
Álex Moreno,151.0,12701,0.0635,22216518.38,6.8e-06,0.3578
Fikayo Tomori,152.0,10015,0.0501,22371742.39,6.79e-06,0.3578
Riyad Mahrez,155.0,11092,0.0555,22277767.76,6.96e-06,0.3576
Alejandro Balde,151.0,12898,0.0645,22363622.27,6.75e-06,0.3564
Teun Koopmeiners,153.0,7727,0.0386,22430050.47,6.82e-06,0.3562
Gavi,154.0,7784,0.0389,22291495.38,6.91e-06,0.356
Lucas Ocampos,154.0,13351,0.0668,22262002.85,6.92e-06,0.3552
Luis Alberto,153.0,4811,0.0241,22690085.22,6.74e-06,0.355
Yan Diomandé,154.0,11107,0.0555,22349329.25,6.89e-06,0.3547
Stanislav Lobotka,151.0,5873,0.0294,22329644.13,6.76e-06,0.3542
Miguel Gutiérrez,150.0,10823,0.0541,21811512.52,6.88e-06,0.3537
Dominik Szoboszlai,154.0,11369,0.0568,22408391.24,6.87e-06,0.353
Manuel Ugarte,152.0,5821,0.0291,22257687.68,6.83e-06,0.3527
Randal Kolo Muani,155.0,13302,0.0665,22287701.1,6.95e-06,0.3526
Kieran Tierney,152.0,14514,0.0726,21935786.14,6.93e-06,0.3525
Álvaro Morata,153.0,9108,0.0455,22452898.55,6.81e-06,0.351
Kostas Tsimikas,150.0,10623,0.0531,22250400.08,6.74e-06,0.3509
Fabián,151.0,7771,0.0389,22670441.38,6.66e-06,0.3504
Martín Zubimendi,150.0,5699,0.0285,22354974.56,6.71e-06,0.3499
Joe Gomez,151.0,19402,0.097,21723327.49,6.95e-06,0.3499
Marcos Llorente,152.0,18414,0.0921,21815955.25,6.97e-06,0.3498
Fredrik Aursnes,151.0,5808,0.029,22270144.63,6.78e-06,0.3493
Fred,150.0,5888,0.0294,22733186.14,6.6e-06,0.3492
Danilo,151.0,19509,0.0975,21789174.23,6.93e-06,0.3489
Leandro Trossard,154.0,13525,0.0676,22456561.92,6.86e-06,0.3485
João Félix,153.0,13530,0.0677,22233628.97,6.88e-06,0.3481
Gerard Moreno,154.0,12942,0.0647,22276464.23,6.91e-06,0.3477
Francesco Acerbi,152.0,10007,0.05,22399920.06,6.79e-06,0.3474
Mikel Oyarzábal,153.0,13409,0.067,22418823.18,6.82e-06,0.347
Bryan Cristante,151.0,5901,0.0295,22205219.45,6.8e-06,0.3469
Serhou Guirassy,152.0,9029,0.0451,22358622.22,6.8e-06,0.3467
Edson Álvarez,151.0,11603,0.058,22175385.68,6.81e-06,0.3465
Piotr Zielinski,152.0,4791,0.024,22542058.03,6.74e-06,0.3461
Denzel Dumfries,151.0,14471,0.0724,21792688.83,6.93e-06,0.3457
Christian Pulisic,153.0,11523,0.0576,22462639.94,6.81e-06,0.3455
Joelinton,153.0,7837,0.0392,22096975.88,6.92e-06,0.3452
Wesley Fofana,151.0,10045,0.0502,22344649.08,6.76e-06,0.3447
Marc Guéhi,151.0,10086,0.0504,22225857.62,6.79e-06,0.3446
Mateus Uribe,150.0,5821,0.0291,22550592.68,6.65e-06,0.3444
Julián Álvarez,153.0,13549,0.0677,22249022.07,6.88e-06,0.3442
Yan Couto,151.0,17420,0.0871,21807003.44,6.92e-06,0.3441
Rodrigo De Paul,153.0,10914,0.0546,22113982.04,6.92e-06,0.3441
Ansu Fati,153.0,13687,0.0684,22266311.1,6.87e-06,0.344
Sergio Ramos,151.0,10000,0.05,22143100.0,6.82e-06,0.3439
Lucas Torreira,150.0,5829,0.0291,22322010.64,6.72e-06,0.3436
Iago Aspas,153.0,13245,0.0662,22365420.91,6.84e-06,0.3435
Héctor Herrera,150.0,5898,0.0295,22625974.91,6.63e-06,0.343
Raphinha,154.0,10932,0.0547,22163282.11,6.95e-06,0.3428
John McGinn,153.0,11364,0.0568,22341517.07,6.85e-06,0.3418
Jérémy Doku,153.0,13242,0.0662,22266425.01,6.87e-06,0.3404
Cody Gakpo,153.0,13501,0.0675,22237982.37,6.88e-06,0.3404
Moussa Diaby,153.0,13563,0.0678,22292265.72,6.86e-06,0.3404
Kai Havertz,152.0,10291,0.0515,22452822.85,6.77e-06,0.3404
Ricardo Horta,153.0,13495,0.0675,22111078.18,6.92e-06,0.3403
Kalidou Koulibaly,150.0,10002,0.05,22482603.48,6.67e-06,0.3383
James Ward-Prowse,150.0,7762,0.0388,22271965.99,6.73e-06,0.3382
Unai Simón,153.0,15290,0.0765,20903139.31,7.32e-06,0.3377
Tijjani Reijnders,150.0,7731,0.0387,22683094.04,6.61e-06,0.3373
David Raya,152.0,15419,0.0771,21207730.72,7.17e-06,0.3372
Pablo Sarabia,152.0,11337,0.0567,22436623.45,6.77e-06,0.3369
Ivan Provedel,152.0,15442,0.0772,21192591.63,7.17e-06,0.3368
Conor Gallagher,149.0,7810,0.0391,22517669.65,6.62e-06,0.3366
Rúben Neves,150.0,5760,0.0288,22519444.44,6.66e-06,0.3363
Takehiro Tomiyasu,150.0,19210,0.096,21575481.52,6.95e-06,0.3361
Kurt Zouma,150.0,16885,0.0844,21753212.91,6.9e-06,0.336
Nicolás González,152.0,12988,0.0649,21996227.29,6.91e-06,0.3358
Fabinho,150.0,11475,0.0574,22336209.15,6.72e-06,0.3358
Ruben Loftus-Cheek,150.0,7807,0.039,22479953.89,6.67e-06,0.3355
Konrad Laimer,149.0,15778,0.0789,21746102.17,6.85e-06,0.3355
Joko Gvardiol,150.0,14213,0.0711,21889678.46,6.85e-06,0.3348
Alex Meret,152.0,15287,0.0764,21017073.33,7.23e-06,0.3346
Presnel Kimpembe,150.0,10070,0.0503,22426713.01,6.69e-06,0.3346
Pepê,150.0,17598,0.088,21718149.79,6.91e-06,0.3333
Jonathan Tah,149.0,16726,0.0836,21836183.19,6.82e-06,0.3332
Pascal Groß,149.0,7638,0.0382,22147028.02,6.73e-06,0.3328
Aymeric Laporte,150.0,10044,0.0502,22185483.87,6.76e-06,0.3315
Keylor Navas,151.0,15280,0.0764,21351832.46,7.07e-06,0.3296
Willi Orbán,149.0,9871,0.0494,22204437.24,6.71e-06,0.3294
Florian Wirtz,152.0,11374,0.0569,22302620.01,6.82e-06,0.3282
Thomas Lemar,148.0,13203,0.066,22242747.86,6.65e-06,0.3282
Manuel Locatelli,149.0,5851,0.0293,22376004.1,6.66e-06,0.328
Callum Wilson,151.0,8963,0.0448,22603927.26,6.68e-06,0.3278
Artem Dovbyk,150.0,9066,0.0453,22801345.69,6.58e-06,0.3267
Lucas Paquetá,150.0,9589,0.0479,22583063.93,6.64e-06,0.3265
Douglas Luiz,149.0,5760,0.0288,22403993.06,6.65e-06,0.3264
Morten Hjulmand,147.0,5852,0.0293,22213773.07,6.62e-06,0.3264
Nahuel Molina,149.0,14447,0.0722,21727209.8,6.86e-06,0.3258
Robin Le Normand,149.0,9821,0.0491,22347826.09,6.67e-06,0.3254
José Giménez,149.0,10060,0.0503,22239165.01,6.7e-06,0.3253
Trevoh Chalobah,148.0,17821,0.0891,21756018.18,6.8e-06,0.3236
Dani Vivian,148.0,11456,0.0573,22257070.53,6.65e-06,0.3227
Mattia Zaccagni,151.0,7849,0.0392,22662122.56,6.66e-06,0.3226
Jurriën Timber,148.0,19151,0.0958,21685864.97,6.82e-06,0.3225
Michael Olise,150.0,10642,0.0532,22359706.82,6.71e-06,0.3225
Marcel Sabitzer,148.0,7591,0.038,22866289.03,6.47e-06,0.322
Jordan Pickford,150.0,15334,0.0767,21227468.37,7.07e-06,0.3218
Warren Zaïre-Emery,148.0,5783,0.0289,22275635.48,6.64e-06,0.3215
Dani Ceballos,150.0,65924,0.3296,15770993.87,9.51e-06,0.3212
Youssef En-Nesyri,151.0,9014,0.0451,22499889.06,6.71e-06,0.3211
Dominic Calvert-Lewin,150.0,8999,0.045,22164684.96,6.77e-06,0.3208
Noussair Mazraoui,149.0,66193,0.331,15966597.68,9.33e-06,0.3208
Aleksandar Mitrovic,150.0,8972,0.0449,22563308.07,6.65e-06,0.3204
Gonçalo Ramos,150.0,9004,0.045,22451688.14,6.68e-06,0.319
Álex Remiro,150.0,15406,0.077,21005127.87,7.14e-06,0.3189
Exequiel Palacios,148.0,5717,0.0286,22170893.83,6.68e-06,0.3189
Memphis Depay,150.0,11521,0.0576,22194167.17,6.76e-06,0.3185
Matteo Politano,150.0,11110,0.0556,22203870.39,6.76e-06,0.3177
Yassine Bounou,150.0,15264,0.0763,21172300.84,7.08e-06,0.3172
Domenico Berardi,151.0,10376,0.0519,22563704.7,6.69e-06,0.3165
Brahim Díaz,150.0,10812,0.0541,22362005.18,6.71e-06,0.3164
Amir Rrahmani,148.0,9909,0.0495,22461903.32,6.59e-06,0.3164
Carlos Augusto,146.0,10951,0.0548,22045292.67,6.62e-06,0.316
Destiny Udogie,146.0,10783,0.0539,21848743.39,6.68e-06,0.3157
Pape Matar Sarr,148.0,5763,0.0288,22471282.32,6.59e-06,0.3155
Curtis Jones,149.0,7854,0.0393,22317927.17,6.68e-06,0.3154
Ademola Lookman,150.0,13541,0.0677,22422420.8,6.69e-06,0.3153
Allan Saint-Maximin,150.0,13434,0.0672,22241253.54,6.74e-06,0.3146
Edmond Tapsoba,148.0,10110,0.0505,22434223.54,6.6e-06,0.3145
Axel Disasi,148.0,10041,0.0502,22358828.8,6.62e-06,0.314
Pedro Gonçalves,150.0,11506,0.0575,22390057.36,6.7e-06,0.314
Micky van de Ven,147.0,14419,0.0721,21723559.19,6.77e-06,0.3138
Ederson,149.0,23011,0.1151,21510494.98,6.93e-06,0.3136
Mohammed Kudus,150.0,13293,0.0665,22405326.11,6.69e-06,0.3135
Édouard Mendy,150.0,15363,0.0768,21220725.12,7.07e-06,0.3134
Talisca,150.0,13351,0.0668,22297056.4,6.73e-06,0.3131
Davide Frattesi,149.0,65838,0.3292,15734758.04,9.47e-06,0.3127
Isco,150.0,11300,0.0565,22485840.71,6.67e-06,0.3123
Alessio Romagnoli,148.0,9802,0.049,22490104.06,6.58e-06,0.3119
Jonas Hofmann,150.0,10708,0.0535,22180799.4,6.76e-06,0.3114
Xaver Schlager,147.0,5904,0.0295,22334688.35,6.58e-06,0.3111
Sadio Mané,150.0,13535,0.0677,22372515.7,6.7e-06,0.3107
Luis Suárez,150.0,9020,0.0451,22280598.67,6.73e-06,0.3105
Otávio,150.0,11363,0.0568,22297720.67,6.73e-06,0.3104
Alexandr Golovin,149.0,7995,0.04,22300562.85,6.68e-06,0.3101
Nico Williams,149.0,11009,0.055,22132800.44,6.73e-06,0.3093
Boubacar Kamara,147.0,5768,0.0288,22232142.86,6.61e-06,0.3089
Ciro Immobile,150.0,9165,0.0458,22071467.54,6.8e-06,0.3087
Emre Can,147.0,11433,0.0572,22266246.83,6.6e-06,0.3084
Matheus Nunes,149.0,10834,0.0542,22408805.61,6.65e-06,0.3082
Ferran Torres,150.0,13143,0.0657,22245986.46,6.74e-06,0.3081
Rico Henry,145.0,10819,0.0541,21799334.5,6.65e-06,0.3079
Takefusa Kubo,149.0,12999,0.065,22203323.33,6.71e-06,0.3079
Ivan Toney,150.0,9088,0.0454,22346390.85,6.71e-06,0.3072
Fabian Schär,148.0,10041,0.0502,22233343.29,6.66e-06,0.3062
Gianluca Mancini,147.0,10023,0.0501,22154444.78,6.64e-06,0.3062
Benoît Badiashile,147.0,9995,0.05,22136068.03,6.64e-06,0.3059
Benjamin Henrichs,145.0,17750,0.0887,21709239.44,6.68e-06,0.3057
Ezri Konsa,147.0,10094,0.0505,22079948.48,6.66e-06,0.305
Lewis Ferguson,146.0,7708,0.0385,22289180.07,6.55e-06,0.3045
Marc Cucurella,145.0,14043,0.0702,22036815.5,6.58e-06,0.3044
Lorenzo Pellegrini,147.0,7715,0.0386,22356707.71,6.58e-06,0.304
Kaoru Mitoma,149.0,6503,0.0325,22379363.37,6.66e-06,0.3039
Marten de Roon,146.0,5878,0.0294,22154304.19,6.59e-06,0.3038
Jeremie Frimpong,146.0,14517,0.0726,21513742.51,6.79e-06,0.3034
Oihan Sancet,148.0,4758,0.0238,22173602.35,6.67e-06,0.3026
Loïs Openda,148.0,9056,0.0453,22300574.2,6.64e-06,0.3023
David Neres,149.0,11023,0.0551,22463031.84,6.63e-06,0.3022
Joachim Andersen,147.0,10007,0.05,22306985.11,6.59e-06,0.302
Youri Tielemans,147.0,7721,0.0386,22430125.63,6.55e-06,0.3015
Xavi Simons,148.0,4755,0.0238,22331861.2,6.63e-06,0.3012
Giorgi Mamardashvili,148.0,15531,0.0777,21092331.47,7.02e-06,0.3008
Hidemasa Morita,146.0,5915,0.0296,22333727.81,6.54e-06,0.2999
Nico Schlotterbeck,145.0,14479,0.0724,22039022.03,6.58e-06,0.2999
Reinildo,146.0,14411,0.0721,22195753.24,6.58e-06,0.2978
Alfonso Pedraza,144.0,12756,0.0638,22035120.73,6.54e-06,0.2977
Lutsharel Geertruida,146.0,17581,0.0879,21800978.33,6.7e-06,0.2975
Lucas Vázquez,146.0,17355,0.0868,21749063.67,6.71e-06,0.2969
Emile Smith Rowe,148.0,11312,0.0566,22480463.22,6.58e-06,0.2968
Anthony Gordon,148.0,13359,0.0668,22207350.85,6.66e-06,0.2963
Tyrone Mings,145.0,14437,0.0722,22099120.32,6.56e-06,0.2961
Jonathan Clauss,145.0,14684,0.0734,21806728.41,6.65e-06,0.2952
Joshua Zirkzee,147.0,8928,0.0446,22449932.8,6.55e-06,0.2948
Eddie Nketiah,148.0,13447,0.0672,22349371.61,6.62e-06,0.2942
Carlos Soler,148.0,10930,0.0546,22548215.92,6.56e-06,0.2941
Jordan Henderson,145.0,5841,0.0292,22403526.79,6.47e-06,0.294
Fábio Vieira,148.0,11317,0.0566,22608023.33,6.55e-06,0.2935
Charles De Ketelaere,147.0,10103,0.0505,22274868.85,6.6e-06,0.2934
Harry Maguire,145.0,9913,0.0496,22381115.71,6.48e-06,0.2932
Ebere Eze,148.0,7778,0.0389,22181794.81,6.67e-06,0.2931
Martin Terrier,147.0,13526,0.0676,22443220.46,6.55e-06,0.2928
Federico Gatti,146.0,9934,0.0497,22369941.61,6.53e-06,0.2923
Christian Nørgaard,144.0,5838,0.0292,22082048.65,6.52e-06,0.2919
Jan Paul van Hecke,147.0,10149,0.0507,22264361.02,6.6e-06,0.2918
Mario Hermoso,144.0,14323,0.0716,21871465.48,6.58e-06,0.2914
David Raum,143.0,10753,0.0538,22025388.26,6.49e-06,0.2914
Geoffrey Kondogbia,145.0,5878,0.0294,22348247.7,6.49e-06,0.2913
Juan Foyth,145.0,17762,0.0888,21700202.68,6.68e-06,0.2905
Igor,144.0,14412,0.0721,22152997.5,6.5e-06,0.29
Weston McKennie,146.0,66120,0.3306,15930535.39,9.16e-06,0.29
Diogo Dalot,144.0,17893,0.0895,21703515.34,6.63e-06,0.29
Harvey Elliott,147.0,10856,0.0543,22463061.9,6.54e-06,0.2898
Nemanja Matic,144.0,5938,0.0297,22644998.32,6.36e-06,0.2897
Nicolas Jackson,147.0,13571,0.0679,22437919.09,6.55e-06,0.2891
Youssouf Fofana,143.0,5819,0.0291,22475854.96,6.36e-06,0.2889
Arthur,144.0,5709,0.0285,22304606.76,6.46e-06,0.2883
Nick Pope,147.0,15508,0.0775,21128901.21,6.96e-06,0.2859
Ibrahim Sangaré,145.0,5778,0.0289,22072343.37,6.57e-06,0.2857
Andriy Lunin,146.0,15665,0.0783,21055346.31,6.93e-06,0.2857
Giorgio Scalvini,145.0,10039,0.0502,21975993.62,6.6e-06,0.2856
Julian Ryerson,143.0,18042,0.0902,21639784.95,6.61e-06,0.2852
Reiss Nelson,147.0,11171,0.0559,22287709.25,6.6e-06,0.2849
Albert Guðmundsson,147.0,13343,0.0667,22156711.38,6.63e-06,0.2847
Andrea Cambiaso,143.0,17824,0.0891,21609795.78,6.62e-06,0.2846
Marcão,144.0,10244,0.0512,22568625.54,6.38e-06,0.2836
Billy Gilmour,143.0,5822,0.0291,22270182.07,6.42e-06,0.2834
Yangel Herrera,143.0,5936,0.0297,22155828.84,6.45e-06,0.2834
Matteo Ruggeri,142.0,10883,0.0544,22148580.35,6.41e-06,0.2829
Aleix García,143.0,5750,0.0288,22514086.96,6.35e-06,0.2826
Breel Embolo,146.0,13116,0.0656,22395166.21,6.52e-06,0.2825
Rico Lewis,144.0,15625,0.0781,21887360.0,6.58e-06,0.2823
Cheick Doucouré,144.0,5833,0.0292,22293845.36,6.46e-06,0.2818
Malick Thiaw,144.0,10260,0.0513,22310038.99,6.45e-06,0.2814
Marcos Alonso,143.0,14458,0.0723,21940102.37,6.52e-06,0.2812
Ellyes Skhiri,143.0,5919,0.0296,22202061.16,6.44e-06,0.2811
Mathías Olivera,142.0,10581,0.0529,21959644.65,6.47e-06,0.2811
Bernd Leno,145.0,15267,0.0763,20978908.76,6.91e-06,0.2804
Amadou Haïdara,143.0,5815,0.0291,22530868.44,6.35e-06,0.2803
Evanilson,146.0,9121,0.0456,22457296.35,6.5e-06,0.2801
Kevin Kampl,144.0,5815,0.0291,22370249.36,6.44e-06,0.28
Javi Galán,142.0,10807,0.054,21967243.45,6.46e-06,0.2798
Ramy Bensebaïni,143.0,14390,0.072,21768867.27,6.57e-06,0.2796
Khephren Thuram,143.0,5724,0.0286,22010831.59,6.5e-06,0.2794
Adam Maruic,142.0,17905,0.0895,21487629.15,6.61e-06,0.2787
Robin Gosens,142.0,11012,0.0551,22425354.16,6.33e-06,0.2783
Ollie Watkins,146.0,13365,0.0668,22105274.97,6.6e-06,0.2778
Myles Lewis-Skelly,141.0,12572,0.0629,22018692.33,6.4e-06,0.2777
Danny Welbeck,146.0,13195,0.066,22359151.19,6.53e-06,0.2775
Arkadiusz Milik,145.0,9026,0.0451,22302237.98,6.5e-06,0.2774
Ander Barrenetxea,145.0,10959,0.0548,22455607.26,6.46e-06,0.2773
Cristiano Biraghi,141.0,10785,0.0539,22036439.5,6.4e-06,0.2771
Lukas Klostermann,143.0,19430,0.0972,21675038.6,6.6e-06,0.2766
Lucas Digne,141.0,10911,0.0546,22345247.91,6.31e-06,0.2766
Eric García,144.0,9976,0.0499,22538893.34,6.39e-06,0.2765
Nikola Milenkovic,144.0,10039,0.0502,22137463.89,6.5e-06,0.2758
Matthias Ginter,143.0,17110,0.0856,21833021.62,6.55e-06,0.2752
Wataru Endo,143.0,5824,0.0291,22404189.56,6.38e-06,0.2742
Leon Bailey,145.0,10950,0.0548,22252511.42,6.52e-06,0.2741
Evan N'Dicka,143.0,14374,0.0719,21719006.54,6.58e-06,0.2739
Leonardo Spinazzola,142.0,10761,0.0538,22087259.55,6.43e-06,0.2738
Giacomo Raspadori,145.0,13522,0.0676,22184883.89,6.54e-06,0.2722
Joe Willock,145.0,65952,0.3298,15734943.6,9.22e-06,0.2718
Denis Suárez,145.0,7936,0.0397,22363407.26,6.48e-06,0.2715
Sead Kolainac,142.0,14281,0.0714,22091800.29,6.43e-06,0.2715
Alessandro Buongiorno,143.0,10105,0.0505,22378822.37,6.39e-06,0.2714
António Silva,143.0,10123,0.0506,22228489.58,6.43e-06,0.2714
Victor Boniface,145.0,8983,0.0449,22319826.34,6.5e-06,0.2711
Alejandro Garnacho,144.0,11066,0.0553,22305891.92,6.46e-06,0.2709
Jason Steele,145.0,15165,0.0758,21170458.29,6.85e-06,0.2706
Riccardo Orsolini,145.0,10573,0.0529,22332450.58,6.49e-06,0.2702
Edin Deko,145.0,8996,0.045,22572921.3,6.42e-06,0.27
Nicolò Zaniolo,145.0,13421,0.0671,22190075.26,6.53e-06,0.2698
Dávid Hancko,142.0,14254,0.0713,22139259.16,6.41e-06,0.2697
Noa Lang,145.0,11001,0.055,22238705.57,6.52e-06,0.2697
Nordi Mukiele,142.0,17165,0.0858,21741042.82,6.53e-06,0.2687
João Mário,142.0,14408,0.072,21587173.79,6.58e-06,0.2685
Tyler Adams,142.0,15729,0.0786,21713586.37,6.54e-06,0.2678
Lazar Samardic,144.0,4670,0.0233,22355032.12,6.44e-06,0.2675
Igor Zubeldia,143.0,11526,0.0576,22388599.69,6.39e-06,0.2671
Richarlison,145.0,13255,0.0663,22339494.53,6.49e-06,0.2666
Yuri,140.0,11005,0.055,22030531.58,6.35e-06,0.266
Jonathan David,144.0,13319,0.0666,22278399.28,6.46e-06,0.2659
Patrik Schick,145.0,9128,0.0456,22473707.27,6.45e-06,0.2658
Levi Colwill,141.0,14462,0.0723,22086502.56,6.38e-06,0.2655
Victor Lindelöf,142.0,9979,0.0499,22472893.08,6.32e-06,0.2654
Rodrigo Riquelme,141.0,15246,0.0762,21977174.34,6.42e-06,0.265
Marc Roca,141.0,5735,0.0287,22399302.53,6.29e-06,0.2647
Mouctar Diakhaby,142.0,11599,0.058,22348995.6,6.35e-06,0.2645
Pierre Kalulu,142.0,17070,0.0853,21697363.8,6.54e-06,0.2641
Aaron Hickey,140.0,17963,0.0898,21471803.15,6.52e-06,0.2641
Nicolò Rovella,141.0,5833,0.0292,22629521.69,6.23e-06,0.2638
João Pedro,144.0,13470,0.0673,22322865.63,6.45e-06,0.2633
Séko Fofana,140.0,5706,0.0285,22518576.94,6.22e-06,0.2631
Donyell Malen,145.0,13432,0.0672,22396069.09,6.47e-06,0.263
Kang-In Lee,144.0,11375,0.0569,22539340.66,6.39e-06,0.2629
Bryan Mbeumo,144.0,13432,0.0672,22219029.18,6.48e-06,0.2628
Ousmane Diomande,142.0,9843,0.0492,22219648.48,6.39e-06,0.2627
Patric,142.0,9788,0.0489,22154168.37,6.41e-06,0.2624
Matheus Cunha,144.0,13496,0.0675,22459247.18,6.41e-06,0.2622
Denis Zakaria,142.0,5706,0.0285,22386435.33,6.34e-06,0.2608
Alexander Sørloth,143.0,9038,0.0452,22420004.43,6.38e-06,0.2607
Valentin Rongier,141.0,5839,0.0292,22322829.25,6.32e-06,0.2601
David De Gea,144.0,15243,0.0762,21150954.54,6.81e-06,0.2601
Davide Zappacosta,140.0,17882,0.0894,21651269.43,6.47e-06,0.2586
Facundo Medina,141.0,10103,0.0505,22279619.91,6.33e-06,0.2585
Tino Livramento,140.0,17864,0.0893,21591300.94,6.48e-06,0.2585
Héctor Bellerín,141.0,14584,0.0729,21712630.28,6.49e-06,0.2583
Íñigo Ruiz de Galarreta,140.0,5891,0.0295,22373620.78,6.26e-06,0.257
Tammy Abraham,143.0,8985,0.0449,22021368.95,6.49e-06,0.257
Arnaut Danjuma,143.0,11183,0.0559,22151301.08,6.46e-06,0.2569
Andrej Kramaric,143.0,10427,0.0521,22479428.41,6.36e-06,0.2568
Jorge Cuenca,141.0,9912,0.0496,22371670.7,6.3e-06,0.2568
Felix Nmecha,140.0,7752,0.0388,22103586.17,6.33e-06,0.2566
Ferdi Kadioglu,140.0,17979,0.0899,21736136.6,6.44e-06,0.2565
Mario Götze,142.0,4807,0.024,22548991.05,6.3e-06,0.2561
Gianluca Scamacca,143.0,9039,0.0452,22188405.8,6.44e-06,0.256
Dan Burn,140.0,14251,0.0713,22035506.28,6.35e-06,0.2555
Bradley Barcola,143.0,13367,0.0668,22213361.26,6.44e-06,0.2553
Borja Iglesias,144.0,9200,0.046,22545326.09,6.39e-06,0.2552
Florentino Luís,140.0,5932,0.0297,22419251.52,6.24e-06,0.2551
Álex Baena,143.0,11478,0.0574,22458093.74,6.37e-06,0.2547
Justin Bijlow,143.0,15243,0.0762,21225611.76,6.74e-06,0.2545
Scott McTominay,141.0,7685,0.0384,22450357.84,6.28e-06,0.2541
Federico Bernardeschi,140.0,19671,0.0984,21637435.82,6.47e-06,0.2536
Ross Barkley,141.0,7705,0.0385,22158468.53,6.36e-06,0.2531
Brennan Johnson,143.0,13666,0.0683,22343992.39,6.4e-06,0.253
Nicolò Fagioli,142.0,7710,0.0386,22380804.15,6.34e-06,0.252
Eljif Elmas,142.0,7967,0.0398,22172837.96,6.4e-06,0.2518
Emiliano Buendía,143.0,10914,0.0546,22258566.98,6.42e-06,0.2516
Ryan Gravenberch,141.0,7849,0.0392,22061409.1,6.39e-06,0.2511
Alexis Saelemaekers,140.0,17688,0.0884,21775723.65,6.43e-06,0.2511
Lucas Perri,142.0,15386,0.0769,21111010.01,6.73e-06,0.251
Sacha Boey,140.0,14506,0.0725,21572039.16,6.49e-06,0.2509
Carles Pérez,143.0,11553,0.0578,22387518.39,6.39e-06,0.2509
Deniz Undav,142.0,10304,0.0515,22109083.85,6.42e-06,0.2508
Kristoffer Ajer,140.0,11649,0.0582,22364666.49,6.26e-06,0.2506
Ben Davies,140.0,14336,0.0717,21995396.21,6.36e-06,0.2505
Robert Andrich,140.0,11588,0.0579,22170262.34,6.31e-06,0.2492
Matías Vecino,140.0,5797,0.029,22213041.23,6.3e-06,0.2489
Santi Comesaña,140.0,5801,0.029,22634373.38,6.19e-06,0.2488
Mathias Jensen,142.0,66160,0.3308,15722657.19,9.03e-06,0.2485
James Tarkowski,140.0,10047,0.0502,22329152.98,6.27e-06,0.2484
Vincenzo Grifo,142.0,7915,0.0396,22445735.94,6.33e-06,0.248
Nayef Aguerd,140.0,9980,0.0499,22285971.94,6.28e-06,0.248
Samuel Chukwueze,142.0,11037,0.0552,22256047.84,6.38e-06,0.2478
Ivan Ilic,140.0,7845,0.0392,22196303.38,6.31e-06,0.2478
Yeremy Pino,142.0,13679,0.0684,22482710.72,6.32e-06,0.2478
Alfred Duncan,140.0,5914,0.0296,22822962.46,6.13e-06,0.2477
Álvaro García,143.0,6501,0.0325,22303337.95,6.41e-06,0.2477
Luiz Felipe,140.0,9925,0.0496,22366347.61,6.26e-06,0.2476
Robert Sánchez,142.0,15412,0.0771,21037178.82,6.75e-06,0.2475
Mario Paalic,141.0,4776,0.0239,22539991.62,6.26e-06,0.2471
Giovani Lo Celso,140.0,9839,0.0492,22704848.05,6.17e-06,0.2468
Odilon Kossounou,140.0,16921,0.0846,21632468.53,6.47e-06,0.2466
David Soria,142.0,15345,0.0767,21009644.84,6.76e-06,0.2459
Edon Zhegrova,143.0,11336,0.0567,22049841.21,6.49e-06,0.2456
Javi Guerra,140.0,12030,0.0602,22237655.86,6.3e-06,0.2451
Renato Sanches,140.0,7849,0.0392,22176455.6,6.31e-06,0.2447
Dominic Solanke,141.0,8960,0.0448,22071428.57,6.39e-06,0.2445
Kenny Tete,140.0,14521,0.0726,21780455.89,6.43e-06,0.2439
Karim Adeyemi,142.0,13458,0.0673,22495838.91,6.31e-06,0.2436
Brice Samba,142.0,15555,0.0778,21203857.28,6.7e-06,0.2432
Kevin Danso,140.0,10137,0.0507,22235769.95,6.3e-06,0.2432
Ayoze Pérez,142.0,13384,0.0669,22392931.86,6.34e-06,0.2428
Harvey Barnes,140.0,11279,0.0564,22523716.64,6.22e-06,0.2428
Nikola Vlaic,141.0,11553,0.0578,22162641.74,6.36e-06,0.2423
Santiago Giménez,141.0,9061,0.0453,22333296.55,6.31e-06,0.2415
Sebastian Szymanski,140.0,11478,0.0574,22424464.19,6.24e-06,0.2411
Umar Sadiq,142.0,9048,0.0452,22404288.24,6.34e-06,0.2402
Jérémie Boga,141.0,7923,0.0396,22721317.68,6.21e-06,0.2397
Philipp Lienhart,140.0,9962,0.0498,22344709.9,6.27e-06,0.2396
Gonçalo Guedes,141.0,13592,0.068,22325117.72,6.32e-06,0.2387
Diego Llorente,140.0,10071,0.0504,22474928.01,6.23e-06,0.2386
Alejandro Catena,140.0,10002,0.05,22168766.25,6.32e-06,0.238
Terem Moffi,141.0,9001,0.045,22432951.89,6.29e-06,0.2375
Daichi Kamada,140.0,4714,0.0236,22532456.51,6.21e-06,0.237
Sávio,141.0,10859,0.0543,22324155.08,6.32e-06,0.2364
Kepa Arrizabalaga,141.0,15429,0.0771,21133061.12,6.67e-06,0.236
Ðorde Petrovic,141.0,15151,0.0758,21041317.4,6.7e-06,0.2358
Enes Ünal,140.0,9033,0.0452,22383150.67,6.25e-06,0.2348
Jacob Ramsey,141.0,7969,0.0398,22528548.12,6.26e-06,0.2345
Borja Mayoral,140.0,8913,0.0446,22381465.28,6.26e-06,0.2345
Beto,140.0,8960,0.0448,22135937.5,6.32e-06,0.2345
Callum Hudson-Odoi,140.0,11411,0.0571,22233634.21,6.3e-06,0.2339
Moise Kean,140.0,13280,0.0664,22512801.2,6.22e-06,0.2338
Cole Palmer,140.0,11370,0.0568,22514160.07,6.22e-06,0.2329
Michele Di Gregorio,140.0,15350,0.0767,21223583.06,6.6e-06,0.2325
Andrea Colpani,140.0,4756,0.0238,22412111.02,6.25e-06,0.2323
Rasmus Højlund,140.0,9009,0.045,22026085.03,6.36e-06,0.232
Noah Okafor,140.0,13216,0.0661,22375000.0,6.26e-06,0.2319
Christoph Baumgartner,140.0,10203,0.051,21902479.66,6.39e-06,0.23
Takumi Minamino,140.0,7839,0.0392,22437045.54,6.24e-06,0.2292
Jesper Karlsson,140.0,13147,0.0657,22408990.64,6.25e-06,0.2291
Giovanni Simeone,140.0,9293,0.0465,22030991.07,6.35e-06,0.2287
Álvaro Fidalgo,140.0,7817,0.0391,22246514.01,6.29e-06,0.2283
Kevin Trapp,140.0,15343,0.0767,20982663.1,6.67e-06,0.2282
Walter Benítez,140.0,15375,0.0769,21208650.41,6.6e-06,0.2275
Duván Zapata,140.0,9161,0.0458,22424080.34,6.24e-06,0.2255
Ludovic Blas,140.0,10706,0.0535,22311227.35,6.27e-06,0.2249
Antony,141.0,10324,0.0516,22508426.97,6.26e-06,0.2248
Justin Kluivert,140.0,11540,0.0577,22301819.76,6.28e-06,0.2248
