Name,Nation,Age,Club,Position,Current Ability,League
Kevin De Bruyne,Belgium,35,Napoli,"AMF, RW, LW",190.0,Serie A
Erling Haaland,Norway,25,Manchester City,ST,188.0,Premier Division
Kylian Mbappé,France,27,Real Madrid,"RW, LW, ST",188.0,First Division
Lionel Messi,Argentina,39,Inter Miami,"AMF, RW, ST",185.0,MLS
Harry Kane,England,32,Bayern Munich,"AMF, ST",184.0,Bundesliga
Vinícius Júnior,Brazil,26,Real Madrid,"RW, LW, ST",184.0,First Division
Thibaut Courtois,Belgium,34,Real Madrid,GK,181.0,First Division
Mohamed Salah,Egypt,34,Trabzonspor,"RW, LW, ST",181.0,Super League
Rodri,Spain,30,Manchester City,"CB, CDM",180.0,Premier Division
Ederson,Brazil,32,Fenerbahçe,GK,149.0,Serie A
Virgil van Dijk,Netherlands,35,Liverpool,CB,178.0,Premier Division
Bernardo Silva,Portugal,31,Real Madrid,"AMF, RW",178.0,First Division
Robert Lewandowski,Poland,37,Chicago,ST,178.0,MLS
Jude Bellingham,England,23,Real Madrid,"CDM, AMF",177.0,First Division
Alisson,Brazil,33,Liverpool,GK,176.0,Premier Division
Declan Rice,England,27,Arsenal,"CB, CDM",176.0,Premier Division
Neymar,Brazil,34,SAN,"AMF, LW, ST",175.0,Second Division
Marc-André ter Stegen,Germany,34,Ajax,GK,175.0,Eredivisie
Joshua Kimmich,Germany,31,Bayern Munich,"RB, CDM",174.0,Bundesliga
Bukayo Saka,England,24,Arsenal,"RW, LW",174.0,Premier Division
Martin Ødegaard,Norway,27,Arsenal,AMF,173.0,Premier Division
Rúben Dias,Portugal,29,Manchester City,CB,173.0,Premier Division
Lautaro Martínez,Argentina,28,Inter,ST,173.0,Serie A
Antoine Griezmann,France,35,Orlando City,"AMF, RW, LW, ST",172.0,MLS
Bruno Fernandes,Portugal,31,Manchester United,"AMF, RW",171.0,Premier Division
Luka Modric,Croatia,40,AC Milan,AMF,171.0,Serie A
Jan Oblak,Slovenia,33,Atletico Madrid,GK,171.0,First Division
Ronald Araujo,Uruguay,27,Liverpool,"CB, RB",170.0,Premier Division
Eduardo Camavinga,France,23,Real Madrid,"LB, CDM",170.0,First Division
Heung-Min Son,South Korea,34,LAFC,"LW, ST",170.0,MLS
Phil Foden,England,26,Manchester City,"AMF, RW, LW",169.0,Premier Division
Victor Osimhen,Nigeria,27,Galatasaray,ST,169.0,Super League
Leroy Sané,Germany,30,Galatasaray,"AMF, RW, LW",169.0,Super League
Rodrygo,Brazil,25,Real Madrid,"RW, LW, ST",168.0,First Division
Federico Valverde,Uruguay,27,Real Madrid,"AMF, RW",168.0,First Division
Ousmane Dembélé,France,29,PSG,"RW, LW",167.0,Ligue 1 Uber Eats
Ilkay Gündogan,Germany,35,Galatasaray,"CDM, AMF",167.0,Super League
John Stones,England,32,Inter,"CB, RB, CDM",166.0,Serie A
Éder Militão,Brazil,28,Real Madrid,CB,166.0,First Division
Antonio Rüdiger,Germany,33,Real Madrid,CB,166.0,First Division
Gabriel Jesus,Brazil,29,Arsenal,"RW, LW, ST",165.0,Premier Division
Bruno Guimarães,Brazil,28,Arsenal,CDM,165.0,Premier Division
Frenkie de Jong,Netherlands,29,Barcelona,CDM,165.0,First Division
Karim Benzema,France,38,Al-Hilal,ST,165.0,Saudi Pro League
Jack Grealish,England,30,Manchester City,"AMF, RW, LW",164.0,Premier Division
William Saliba,France,25,Arsenal,CB,164.0,Premier Division
Kyle Walker,England,36,Burnley,RB,164.0,Sky Bet Championship
Rafael Leão,Portugal,27,AC Milan,"LW, ST",163.0,Serie A
Marquinhos,Brazil,32,PSG,"CB, CDM",163.0,Ligue 1 Uber Eats
Manuel Neuer,Germany,40,Bayern Munich,GK,162.0,Bundesliga
Luis Díaz,Colombia,29,Bayern Munich,"RW, LW",162.0,Bundesliga
Kim Min-Jae,South Korea,29,Bayern Munich,CB,162.0,Bundesliga
Cristian Romero,Argentina,28,Tottenham,CB,162.0,Premier Division
Christopher Nkunku,France,28,AC Milan,"AMF, RW, LW, ST",162.0,Serie A
Trent Alexander-Arnold,England,27,Real Madrid,"RB, CDM",162.0,First Division
Pedri,Spain,23,Barcelona,"AMF, RW, LW",162.0,First Division
Khvicha Kvaratskhelia,Georgia,25,PSG,LW,162.0,Ligue 1 Uber Eats
Kingsley Coman,France,30,Al-Nassr,"RW, LW",162.0,Saudi Pro League
Reece James,England,26,Chelsea,"CB, RB",161.0,Premier Division
Gianluigi Donnarumma,Italy,27,Manchester City,GK,161.0,Premier Division
Nicolò Barella,Italy,29,Inter,CM,161.0,Serie A
Lucas Hernández,France,30,PSG,"CB, LB",161.0,Ligue 1 Uber Eats
Achraf Hakimi,Morocco,27,PSG,"RB, RM",161.0,Ligue 1 Uber Eats
Raheem Sterling,England,31,Free Agent,"RW, LW",161.0,-
Gabriel Martinelli,Brazil,25,Arsenal,"RW, LW, ST",160.0,Premier Division
Marcus Rashford,England,28,Manchester United,"LW, ST",160.0,Premier Division
Dejan Kulusevski,Sweden,26,Tottenham,"AMF, RW",160.0,Premier Division
Hakan Çalhanoglu,Türkiye,32,Inter,"CDM, AMF",160.0,Serie A
Cristiano Ronaldo,Portugal,41,Al-Nassr,ST,160.0,Saudi Pro League
Marco Verratti,Italy,33,Al-Duhail,CDM,160.0,Stars League
Sergej Milinkovic-Savic,Serbia,31,Al-Hilal,AMF,160.0,Saudi Pro League
N'Golo Kanté,France,35,Fenerbahçe,CDM,160.0,Super League
James Maddison,England,29,Tottenham,"AMF, RW, LW",159.0,Premier Division
Luke Shaw,England,30,Manchester United,"CB, LB",159.0,Premier Division
Matthijs de Ligt,Netherlands,26,Manchester United,CB,159.0,Premier Division
Mike Maignan,France,31,AC Milan,GK,159.0,Serie A
Iñaki Williams,Ghana,32,Athletic Bilbao,"AMF, RW, LW, ST",159.0,First Division
David Alaba,Austria,34,Free Agent,"CB, LB, CM",159.0,-
Kieran Trippier,England,35,Wolves,RB,159.0,Sky Bet Championship
Marco Asensio,Spain,30,Fenerbahçe,"AMF, RW, LW",159.0,Super League
Dayot Upamecano,France,27,Bayern Munich,CB,158.0,Bundesliga
Jamal Musiala,Germany,23,Bayern Munich,"AMF, RW, LW",158.0,Bundesliga
Alexis Mac Allister,Argentina,27,Liverpool,"CDM, AMF",158.0,Premier Division
Enzo Fernández,Argentina,25,Chelsea,"CDM, AMF",158.0,Premier Division
Viktor Gyökeres,Sweden,28,Arsenal,ST,158.0,Premier Division
Jules Koundé,France,27,Barcelona,"CB, RB",158.0,First Division
Ángel Di María,Argentina,38,Rosario Central,"AMF, RW, LW, ST",158.0,Premier Division
Nicolás Otamendi,Argentina,38,River Plate,CB,158.0,Premier Division
João Cancelo,Portugal,32,Al-Hilal,"RB, LB",158.0,Saudi Pro League
Milan kriniar,Slovakia,31,Fenerbahçe,CB,158.0,Super League
Theo Hernández,France,28,Al-Hilal,"LB, LM",158.0,Saudi Pro League
Emiliano Martínez,Argentina,33,Aston Villa,GK,157.0,Premier Division
Sandro Tonali,Italy,26,Tottenham,CDM,157.0,Premier Division
Andrew Robertson,Scotland,32,Tottenham,LB,157.0,Premier Division
Federico Dimarco,Italy,28,Inter,"CB, LB, LM",157.0,Serie A
Marcus Thuram,France,28,Inter,"LW, ST",157.0,Serie A
Aurélien Tchouameni,France,26,Real Madrid,CDM,157.0,First Division
Koke,Spain,34,Atletico Madrid,"CDM, CM, RM, LM",157.0,First Division
José Gayà,Spain,31,Valencia,"LB, LW",157.0,First Division
Yves Bissouma,Mali,29,Free Agent,CDM,157.0,-
Romelu Lukaku,Belgium,33,Fenerbahçe,ST,157.0,Super League
Casemiro,Brazil,34,Inter Miami,CDM,157.0,MLS
Leon Goretzka,Germany,31,Free Agent,"CDM, AMF",157.0,-
Alphonso Davies,Canada,25,Bayern Munich,"LB, LW",156.0,Bundesliga
Serge Gnabry,Germany,30,Bayern Munich,"RW, LW, ST",156.0,Bundesliga
Gregor Kobel,Switzerland,28,Borussia Dortmund,GK,156.0,Bundesliga
Rodrigo Bentancur,Uruguay,29,Tottenham,CDM,156.0,Premier Division
Gabriel,Brazil,28,Arsenal,CB,156.0,Premier Division
Mason Mount,England,27,Manchester United,"AMF, RW, LW",156.0,Premier Division
Sven Botman,Netherlands,26,Newcastle United,"CB, LB",156.0,Premier Division
Federico Chiesa,Italy,28,Liverpool,"RW, LW, ST",156.0,Premier Division
Pau Torres,Spain,29,Aston Villa,CB,156.0,Premier Division
Moisés Caicedo,Ecuador,24,Chelsea,CDM,156.0,Premier Division
Alexander Isak,Sweden,26,Liverpool,ST,156.0,Premier Division
Henrikh Mkhitaryan,Armenia,37,Inter,"CDM, AMF",156.0,Serie A
Adrien Rabiot,France,31,AC Milan,"CDM, CM, LM",156.0,Serie A
Benjamin Pavard,France,30,Inter,"CB, RB",156.0,Serie A
Wojciech Szczesny,Poland,36,Barcelona,GK,156.0,First Division
Ibrahima Konaté,France,27,Real Madrid,CB,156.0,First Division
Ferland Mendy,France,31,Real Madrid,LB,156.0,First Division
Olivier Giroud,France,39,Lille,ST,156.0,Ligue 1 Uber Eats
Vitinha,Portugal,26,PSG,CDM,156.0,Ligue 1 Uber Eats
Thiago Silva,Brazil,41,Fluminense,CB,156.0,First Division
Nathan Aké,Netherlands,31,Fenerbahçe,"CB, LB, CDM",156.0,Super League
Duan Vlahovic,Serbia,26,Beşiktaş,ST,156.0,Super League
Yann Sommer,Switzerland,37,Club Brugge,GK,156.0,Jupiler Pro League
Darwin Núñez,Uruguay,27,Al-Hilal,"LW, ST",156.0,Saudi Pro League
João Palhinha,Portugal,31,Bayern Munich,CDM,155.0,Bundesliga
Lisandro Martínez,Argentina,28,Manchester United,"CB, LB",155.0,Premier Division
Benjamin White,England,28,Arsenal,"CB, RB",155.0,Premier Division
Guglielmo Vicario,Italy,29,Tottenham,GK,155.0,Premier Division
Paulo Dybala,Argentina,32,AS Roma,"AMF, RW, ST",155.0,Serie A
Bremer,Brazil,29,Juventus,CB,155.0,Serie A
Randal Kolo Muani,France,27,Juventus,"RW, LW, ST",155.0,Serie A
Pervis Estupiñán,Ecuador,28,AC Milan,"LB, LM",155.0,Serie A
Guido Rodríguez,Argentina,32,Valencia,CDM,155.0,First Division
Dani Olmo,Spain,28,Barcelona,"AMF, RW, LW",155.0,First Division
Sergio Canales,Spain,35,Racing Santander,AMF,155.0,First Division
Ben Chilwell,England,29,Strasbourg,LB,155.0,Ligue 1 Uber Eats
Franck Kessié,Ivory Coast,29,Free Agent,CDM,155.0,-
Yannick Carrasco,Belgium,32,Al-Shabab,"LB, RW, LW",155.0,Saudi Pro League
Marcelo Brozovic,Croatia,33,Free Agent,CDM,155.0,-
Jarrod Bowen,England,29,West Ham United,"RW, LW, ST",155.0,Sky Bet Championship
Mats Hummels,Germany,37,Free Agent,CB,155.0,-
Thomas Müller,Germany,36,Vancouver,"AMF, RW, ST",155.0,MLS
Rafa,Portugal,33,Benfica,"AMF, RW, LW",155.0,Premier League
Mauro Icardi,Argentina,33,Free Agent,ST,155.0,-
Dani Carvajal,Spain,34,Free Agent,RB,155.0,-
Thomas Partey,Ghana,33,Free Agent,"RB, CDM",155.0,-
Oleksandr Zinchenko,Ukraine,29,Free Agent,"LB, CDM",155.0,-
Diogo Costa,Portugal,26,FC Porto,GK,155.0,Premier League
Riyad Mahrez,Algeria,35,Free Agent,"RW, LW",155.0,-
Dominik Szoboszlai,Hungary,25,Liverpool,"AMF, RW, LW",154.0,Premier Division
Lewis Dunk,England,34,Brighton,CB,154.0,Premier Division
Pedro Porro,Spain,26,Tottenham,"RB, RM",154.0,Premier Division
Giovanni Di Lorenzo,Italy,32,Napoli,RB,154.0,Serie A
Alessandro Bastoni,Italy,27,Inter,CB,154.0,Serie A
Manuel Akanji,Switzerland,30,Inter,"CB, RB",154.0,Serie A
Raphinha,Brazil,29,Barcelona,"RW, LW",154.0,First Division
Andreas Christensen,Denmark,30,Barcelona,CB,154.0,First Division
Gerard Moreno,Spain,34,Villarreal,"RW, ST",154.0,First Division
Álex Grimaldo,Spain,30,Atletico Madrid,"LB, LM",154.0,First Division
Gavi,Spain,21,Barcelona,"AMF, LW",154.0,First Division
Yan Diomandé,Ivory Coast,19,Real Madrid,"RW, LW",154.0,First Division
Lucas Ocampos,Argentina,32,Monterrey,"RW, LW, ST",154.0,First Division
Leandro Trossard,Belgium,31,Beşiktaş,"AMF, RW, LW, ST",154.0,Super League
Danilo Pereira,Portugal,34,Al-Ittihad,"CB, CDM",154.0,Saudi Pro League
Sebastián Coates,Uruguay,35,Nacional,CB,154.0,First Division
Julian Brandt,Germany,30,Ajax,"AMF, RW, LW",154.0,Eredivisie
Jérémy Doku,Belgium,24,Manchester City,"RW, LW, ST",153.0,Premier Division
Joelinton,Brazil,29,Newcastle United,"AMF, LW",153.0,Premier Division
Cody Gakpo,Netherlands,27,Liverpool,"AMF, RW, LW, ST",153.0,Premier Division
John McGinn,Scotland,31,Aston Villa,"AMF, RW, LW",153.0,Premier Division
Mikel Merino,Spain,30,Arsenal,CDM,153.0,Premier Division
Teun Koopmeiners,Netherlands,28,Juventus,"CDM, AMF",153.0,Serie A
André-Franck Zambo Anguissa,Cameroon,30,Napoli,CDM,153.0,Serie A
Álvaro Morata,Spain,33,Como,ST,153.0,Serie A
Christian Pulisic,U.S.A.,27,AC Milan,"AMF, RW, LW",153.0,Serie A
Julián Álvarez,Argentina,26,Atletico Madrid,"AMF, RW, LW, ST",153.0,First Division
Iago Aspas,Spain,38,Celta Vigo,"AMF, RW, ST",153.0,First Division
Unai Simón,Spain,29,Athletic Bilbao,GK,153.0,First Division
Mikel Oyarzábal,Spain,29,Real Sociedad,"AMF, RW, LW, ST",153.0,First Division
Ansu Fati,Spain,23,AS Monaco,"AMF, RW, LW, ST",153.0,Ligue 1 Uber Eats
Rodrigo De Paul,Argentina,32,Inter Miami,"AMF, RW",153.0,MLS
Moussa Diaby,France,27,Al-Ittihad,"AMF, RW, LW, ST",153.0,Saudi Pro League
Ricardo Horta,Portugal,31,Braga,"AMF, RW, LW, ST",153.0,Premier League
Luis Alberto,Spain,33,Al-Wakrah,AMF,153.0,Stars League
João Félix,Portugal,26,Al-Nassr,"AMF, RW, LW, ST",153.0,Saudi Pro League
Serhou Guirassy,Guinea,30,Borussia Dortmund,ST,152.0,Bundesliga
Mateo Kovacic,Croatia,32,Manchester City,CDM,152.0,Premier Division
David Raya,Spain,30,Arsenal,GK,152.0,Premier Division
Manuel Ugarte,Uruguay,25,Manchester United,CDM,152.0,Premier Division
Kai Havertz,Germany,27,Arsenal,"AMF, ST",152.0,Premier Division
Florian Wirtz,Germany,23,Liverpool,"AMF, RW, LW",152.0,Premier Division
Granit Xhaka,Switzerland,33,Sunderland,CDM,152.0,Premier Division
Nicolás González,Argentina,28,Juventus,"RW, LW, ST",152.0,Serie A
Fikayo Tomori,England,28,AC Milan,CB,152.0,Serie A
Piotr Zielinski,Poland,32,Inter,AMF,152.0,Serie A
Ivan Provedel,Italy,32,Inter,GK,152.0,Serie A
Alex Meret,Italy,29,Napoli,GK,152.0,Serie A
Marcos Llorente,Spain,31,Atletico Madrid,"RB, CDM, AMF, RW",152.0,First Division
Nuno Mendes,Portugal,24,PSG,LB,152.0,Ligue 1 Uber Eats
Francesco Acerbi,Italy,38,Free Agent,CB,152.0,-
Ismaël Bennacer,Algeria,28,Free Agent,CDM,152.0,-
Kieran Tierney,Scotland,29,Celtic,"CB, LB",152.0,William Hill SPFL
Pablo Sarabia,Spain,34,Al-Arabi,"AMF, RW, LW",152.0,Stars League
Callum Wilson,England,34,Brentford,ST,151.0,Premier Division
Marc Guéhi,England,25,Manchester City,CB,151.0,Premier Division
Joe Gomez,England,29,Liverpool,"CB, RB, LB",151.0,Premier Division
Wesley Fofana,France,25,Chelsea,CB,151.0,Premier Division
Yan Couto,Brazil,24,Como,"RB, RW",151.0,Serie A
Bryan Cristante,Italy,31,AS Roma,CDM,151.0,Serie A
Domenico Berardi,Italy,31,Sassuolo,RW,151.0,Serie A
Mattia Zaccagni,Italy,31,Lazio,"AMF, LW",151.0,Serie A
Stanislav Lobotka,Slovakia,31,Napoli,CDM,151.0,Serie A
Denzel Dumfries,Netherlands,30,Real Madrid,"RB, RM",151.0,First Division
Alejandro Balde,Spain,22,Barcelona,"LB, LW",151.0,First Division
Fabián,Spain,30,PSG,"CDM, AMF",151.0,Ligue 1 Uber Eats
Sergio Ramos,Spain,40,Free Agent,CB,151.0,-
Keylor Navas,Costa Rica,39,Pumas,GK,151.0,First Division
Danilo,Brazil,34,Flamengo,"CB, RB, LB",151.0,First Division
Edson Álvarez,Mexico,28,West Ham United,"CB, CDM",151.0,Sky Bet Championship
Fredrik Aursnes,Norway,30,Benfica,CDM,151.0,Premier League
Álex Moreno,Spain,33,Girona,"LB, LW",151.0,Second Division
Youssef En-Nesyri,Morocco,29,Al-Ittihad,ST,151.0,Saudi Pro League
Michael Olise,France,24,Bayern Munich,"AMF, RW",150.0,Bundesliga
Miguel Gutiérrez,Spain,24,Bayer Leverkusen,LB,150.0,Bundesliga
Jonas Hofmann,Germany,33,Bayer Leverkusen,"AMF, RW",150.0,Bundesliga
Mohammed Kudus,Ghana,25,Tottenham,"AMF, RW, ST",150.0,Premier Division
Joko Gvardiol,Croatia,24,Manchester City,"CB, LB",150.0,Premier Division
Jordan Pickford,England,32,Everton,GK,150.0,Premier Division
Dominic Calvert-Lewin,England,29,Leeds United,ST,150.0,Premier Division
Kostas Tsimikas,Greece,30,Liverpool,LB,150.0,Premier Division
Tijjani Reijnders,Netherlands,27,Manchester City,"CDM, AMF",150.0,Premier Division
Takehiro Tomiyasu,Japan,27,Crystal Palace,"CB, RB, LB",150.0,Premier Division
Martín Zubimendi,Spain,27,Arsenal,CDM,150.0,Premier Division
Ruben Loftus-Cheek,England,30,AC Milan,"CDM, AMF",150.0,Serie A
Matteo Politano,Italy,32,Napoli,"RW, LW",150.0,Serie A
Artem Dovbyk,Ukraine,29,Bologna,ST,150.0,Serie A
Gonçalo Ramos,Portugal,25,AC Milan,ST,150.0,Serie A
Brahim Díaz,Morocco,26,Real Madrid,"AMF, RW",150.0,First Division
Ademola Lookman,Nigeria,28,Atletico Madrid,"AMF, RW, LW, ST",150.0,First Division
Isco,Spain,34,Real Betis,"AMF, RW, LW",150.0,First Division
Álex Remiro,Spain,31,Real Sociedad,GK,150.0,First Division
Aymeric Laporte,Spain,32,Athletic Bilbao,CB,150.0,First Division
Ferran Torres,Spain,26,Barcelona,"RW, LW, ST",150.0,First Division
Ciro Immobile,Italy,36,Paris FC,ST,150.0,Ligue 1 Uber Eats
Héctor Herrera,Mexico,36,Houston,CDM,150.0,MLS
Yassine Bounou,Morocco,35,Al-Hilal,GK,150.0,Saudi Pro League
Fred,Brazil,33,Fenerbahçe,CDM,150.0,Super League
Fabinho,Brazil,32,Free Agent,"CB, CDM",150.0,-
Otávio,Portugal,31,Al-Qadsiah,"AMF, RW, LW",150.0,First Division
Talisca,Brazil,32,Fenerbahçe,"AMF, RW, ST",150.0,Super League
Lucas Paquetá,Brazil,28,Flamengo,"CDM, AMF, LW",150.0,First Division
Pepê,Brazil,29,FC Porto,"RB, RW, LW",150.0,Premier League
James Ward-Prowse,England,31,West Ham United,"CDM, AMF",150.0,Sky Bet Championship
Ivan Toney,England,30,Al-Ahli,ST,150.0,Saudi Pro League
Pedro Gonçalves,Portugal,28,Sporting CP,"AMF, RW, LW",150.0,Premier League
Memphis Depay,Netherlands,32,Free Agent,"AMF, LW, ST",150.0,-
Lucas Torreira,Uruguay,30,Galatasaray,CDM,150.0,Super League
Rúben Neves,Portugal,29,Al-Hilal,CDM,150.0,Saudi Pro League
Aleksandar Mitrovic,Serbia,31,Al-Rayyan,ST,150.0,Stars League
Dani Ceballos,Spain,29,Free Agent,CM,150.0,-
Mateus Uribe,Colombia,35,Atlético Nacional,CDM,150.0,First Division
Luis Suárez,Uruguay,39,Inter Miami,ST,150.0,MLS
Kalidou Koulibaly,Senegal,35,Al-Hilal,CB,150.0,Saudi Pro League
Kurt Zouma,France,31,Free Agent,"CB, RB",150.0,-
Sadio Mané,Senegal,34,Al-Nassr,"AMF, RW, LW, ST",150.0,Saudi Pro League
Édouard Mendy,Senegal,34,Al-Ahli,GK,150.0,Saudi Pro League
Allan Saint-Maximin,France,29,Charlotte FC,"RW, LW, ST",150.0,MLS
Presnel Kimpembe,France,30,Al-Kharaitiyat,CB,150.0,Q-League
Konrad Laimer,Austria,29,Bayern Munich,"RB, CDM",149.0,Bundesliga
Willi Orbán,Hungary,33,RB Leipzig,CB,149.0,Bundesliga
Jonathan Tah,Germany,30,Bayern Munich,"CB, RB",149.0,Bundesliga
Conor Gallagher,England,26,Tottenham,"CDM, AMF",149.0,Premier Division
Curtis Jones,England,25,Liverpool,"AMF, LW",149.0,Premier Division
Noussair Mazraoui,Morocco,28,Manchester United,"RB, LB, CDM, CM, RM",149.0,Premier Division
Kaoru Mitoma,Japan,29,Brighton,LW,149.0,Premier Division
Matheus Nunes,Portugal,27,Manchester City,"AMF, RW",149.0,Premier Division
Pascal Groß,Germany,35,Brighton,"CDM, AMF",149.0,Premier Division
Nahuel Molina,Argentina,28,AS Roma,"RB, RM",149.0,Serie A
David Neres,Brazil,29,Napoli,"RW, LW",149.0,Serie A
Douglas Luiz,Brazil,28,Juventus,CDM,149.0,Serie A
Ederson,Brazil,27,Atalanta,"CDM, AMF",149.0,Serie A
Manuel Locatelli,Italy,28,Juventus,CDM,149.0,Serie A
Davide Frattesi,Italy,26,Inter,CM,149.0,Serie A
Takefusa Kubo,Japan,25,Real Sociedad,"AMF, RW, ST",149.0,First Division
Robin Le Normand,Spain,29,Atletico Madrid,CB,149.0,First Division
Nico Williams,Spain,24,Athletic Bilbao,"RW, LW",149.0,First Division
José Giménez,Uruguay,31,Atletico Madrid,CB,149.0,First Division
Alexandr Golovin,Russia,30,AS Monaco,"AMF, LW",149.0,Ligue 1 Uber Eats
Edmond Tapsoba,Burkina Faso,27,Bayer Leverkusen,CB,148.0,Bundesliga
Exequiel Palacios,Argentina,27,Bayer Leverkusen,CDM,148.0,Bundesliga
Marcel Sabitzer,Austria,32,Borussia Dortmund,"CDM, AMF",148.0,Bundesliga
Pape Matar Sarr,Senegal,23,Tottenham,CDM,148.0,Premier Division
Eddie Nketiah,England,27,Crystal Palace,"RW, LW, ST",148.0,Premier Division
Emile Smith Rowe,England,25,Fulham,"AMF, RW, LW",148.0,Premier Division
Ebere Eze,England,28,Arsenal,"AMF, LW",148.0,Premier Division
Jurriën Timber,Netherlands,25,Arsenal,"CB, RB, LB",148.0,Premier Division
Axel Disasi,France,28,Chelsea,CB,148.0,Premier Division
Giorgi Mamardashvili,Georgia,25,Liverpool,GK,148.0,Premier Division
Xavi Simons,Netherlands,23,Tottenham,AMF,148.0,Premier Division
Fábio Vieira,Portugal,26,Arsenal,"AMF, RW, LW",148.0,Premier Division
Fabian Schär,Switzerland,34,Newcastle United,CB,148.0,Premier Division
Amir Rrahmani,Kosovo,32,Napoli,CB,148.0,Serie A
Trevoh Chalobah,England,27,Como,"CB, RB, CDM",148.0,Serie A
Alessio Romagnoli,Italy,31,Lazio,CB,148.0,Serie A
Anthony Gordon,England,25,Barcelona,"AMF, RW, LW, ST",148.0,First Division
Carlos Soler,Spain,29,Real Sociedad,"AMF, RW",148.0,First Division
Dani Vivian,Spain,27,Athletic Bilbao,"CB, CDM",148.0,First Division
Oihan Sancet,Spain,26,Athletic Bilbao,AMF,148.0,First Division
Thomas Lemar,France,30,Atletico Madrid,"LB, AMF, LW",148.0,First Division
Loïs Openda,Belgium,26,Lyon,ST,148.0,Ligue 1 Uber Eats
Warren Zaïre-Emery,France,20,PSG,CDM,148.0,Ligue 1 Uber Eats
Martin Terrier,France,29,Bayer Leverkusen,"AMF, RW, LW, ST",147.0,Bundesliga
Emre Can,Germany,32,Borussia Dortmund,"CB, CDM",147.0,Bundesliga
Nicolas Jackson,Senegal,25,Chelsea,"AMF, RW, LW, ST",147.0,Premier Division
Xaver Schlager,Austria,28,Nottingham Forest,CDM,147.0,Premier Division
Youri Tielemans,Belgium,29,Manchester United,"CDM, AMF",147.0,Premier Division
Joachim Andersen,Denmark,30,Fulham,CB,147.0,Premier Division
Reiss Nelson,England,26,Arsenal,"RW, LW",147.0,Premier Division
Nick Pope,England,34,Newcastle United,GK,147.0,Premier Division
Ezri Konsa,England,28,Aston Villa,CB,147.0,Premier Division
Harvey Elliott,England,23,Liverpool,"AMF, RW",147.0,Premier Division
Joshua Zirkzee,Netherlands,25,Manchester United,ST,147.0,Premier Division
Jan Paul van Hecke,Netherlands,26,Tottenham,CB,147.0,Premier Division
Micky van de Ven,Netherlands,25,Tottenham,"CB, LB",147.0,Premier Division
Boubacar Kamara,France,26,Aston Villa,CDM,147.0,Premier Division
Benoît Badiashile,France,25,Chelsea,CB,147.0,Premier Division
Charles De Ketelaere,Belgium,25,Atalanta,"AMF, ST",147.0,Serie A
Albert Guðmundsson,Iceland,29,Fiorentina,"AMF, RW, LW, ST",147.0,Serie A
Gianluca Mancini,Italy,30,AS Roma,CB,147.0,Serie A
Lorenzo Pellegrini,Italy,30,AS Roma,"CDM, AMF",147.0,Serie A
Morten Hjulmand,Denmark,27,Atletico Madrid,CDM,147.0,First Division
Lutsharel Geertruida,Netherlands,25,RB Leipzig,"CB, RB, CDM",146.0,Bundesliga
Lucas Vázquez,Spain,35,Bayer Leverkusen,"RB, RW",146.0,Bundesliga
Reinildo,Mozambique,32,Sunderland,"CB, LB",146.0,Premier Division
Evanilson,Brazil,26,Bournemouth,ST,146.0,Premier Division
Danny Welbeck,England,35,Chelsea,"RW, LW, ST",146.0,Premier Division
Jeremie Frimpong,Netherlands,25,Liverpool,"RB, RM",146.0,Premier Division
Ollie Watkins,England,30,Aston Villa,"RW, LW, ST",146.0,Premier Division
Destiny Udogie,Italy,23,Tottenham,LB,146.0,Premier Division
Hidemasa Morita,Japan,31,Hull City,CDM,146.0,Premier Division
Carlos Augusto,Brazil,27,Inter,"LB, LM",146.0,Serie A
Marten de Roon,Netherlands,35,Atalanta,CDM,146.0,Serie A
Federico Gatti,Italy,28,Juventus,CB,146.0,Serie A
Lewis Ferguson,Scotland,26,Bologna,"CDM, AMF",146.0,Serie A
Weston McKennie,U.S.A.,27,Juventus,"RB, CM, RM",146.0,Serie A
Andriy Lunin,Ukraine,27,Real Madrid,GK,146.0,First Division
Breel Embolo,Switzerland,29,Rennes,"AMF, RW, ST",146.0,Ligue 1 Uber Eats
Edin Deko,Bosnia & Herzegovina,40,Schalke 04,ST,145.0,Bundesliga
Patrik Schick,Czechia,30,Bayer Leverkusen,ST,145,Bundesliga
Victor Boniface,Nigeria,25,Bayer Leverkusen,ST,145.0,Bundesliga
Benjamin Henrichs,Germany,29,RB Leipzig,"RB, LB",145.0,Bundesliga
Nico Schlotterbeck,Germany,26,Borussia Dortmund,"CB, LB",145,Bundesliga
Jason Steele,England,35,Brighton,GK,145,Premier Division
Leon Bailey,Jamaica,28,Aston Villa,"RW, LW",145.0,Premier Division
Richarlison,Brazil,29,Tottenham,"RW, LW, ST",145.0,Premier Division
Jordan Henderson,England,36,Chelsea,CDM,145.0,Premier Division
Harry Maguire,England,33,Manchester United,CB,145.0,Premier Division
Joe Willock,England,26,Newcastle United,CM,145,Premier Division
Tyrone Mings,England,33,Aston Villa,"CB, LB",145.0,Premier Division
Rico Henry,England,29,Brentford,LB,145.0,Premier Division
Ibrahim Sangaré,Ivory Coast,28,Nottingham Forest,CDM,145,Premier Division
Bernd Leno,Germany,34,Fulham,GK,145.0,Premier Division
Noa Lang,Netherlands,27,Napoli,"RW, LW",145.0,Serie A
Donyell Malen,Netherlands,27,AS Roma,"RW, LW, ST",145.0,Serie A
Riccardo Orsolini,Italy,29,Bologna,RW,145.0,Serie A
Nicolò Zaniolo,Italy,27,Udinese,"AMF, RW, LW, ST",145,Serie A
Giacomo Raspadori,Italy,26,Atalanta,"AMF, RW, LW, ST",145.0,Serie A
Giorgio Scalvini,Italy,22,Atalanta,CB,145,Serie A
Arkadiusz Milik,Poland,32,Juventus,ST,145.0,Serie A
Juan Foyth,Argentina,28,Villarreal,"CB, RB, CDM",145.0,First Division
Denis Suárez,Spain,32,Alavés,"AMF, LW",145,First Division
Marc Cucurella,Spain,27,Real Madrid,"CB, LB, LM",145.0,First Division
Ander Barrenetxea,Spain,24,Real Sociedad,"RW, LW",145.0,First Division
Geoffrey Kondogbia,Central African Rep.,33,Marseille,CDM,145.0,Ligue 1 Uber Eats
Jonathan Clauss,France,33,OGC Nice,"RB, RM",145.0,Ligue 1 Uber Eats
Kevin Kampl,Slovenia,35,RB Leipzig,CDM,144,Bundesliga
Cheick Doucouré,Mali,26,Crystal Palace,CDM,144,Premier Division
Igor,Brazil,28,Brighton,"CB, LB",144,Premier Division
Matheus Cunha,Brazil,27,Manchester United,"AMF, RW, LW, ST",144,Premier Division
João Pedro,Brazil,24,Chelsea,"AMF, RW, LW, ST",144,Premier Division
Christian Nørgaard,Denmark,32,Everton,CDM,144,Premier Division
Bryan Mbeumo,Cameroon,26,Manchester United,"RW, LW, ST",144,Premier Division
Nikola Milenkovic,Serbia,28,Nottingham Forest,CB,144,Premier Division
Diogo Dalot,Portugal,27,Manchester United,"RB, LB",144,Premier Division
Malick Thiaw,Germany,24,Newcastle United,CB,144,Premier Division
Alejandro Garnacho,Argentina,22,Aston Villa,"RW, LW",144,Premier Division
Rico Lewis,England,21,Manchester City,"RB, CDM",144,Premier Division
Jonathan David,Canada,26,Juventus,"AMF, RW, LW, ST",144,Serie A
Arthur,Brazil,29,Juventus,CDM,144,Serie A
Nemanja Matic,Serbia,37,Sassuolo,CDM,144,Serie A
David De Gea,Spain,35,Fiorentina,GK,144,Serie A
Mario Hermoso,Spain,31,AS Roma,"CB, LB",144,Serie A
Alfonso Pedraza,Spain,30,Lazio,"LB, LW",144,Serie A
Lazar Samardic,Serbia,24,Atalanta,AMF,144,Serie A
Marcão,Brazil,30,Sevilla,CB,144,First Division
Eric García,Spain,25,Barcelona,CB,144,First Division
Borja Iglesias,Spain,33,Celta Vigo,ST,144,First Division
Kang-In Lee,South Korea,25,Atletico Madrid,"AMF, RW, LW",144,First Division
Ramy Bensebaïni,Algeria,31,Borussia Dortmund,"CB, LB",143,Bundesliga
Andrej Kramaric,Croatia,35,TSG Hoffenheim,"AMF, ST",143,Bundesliga
Julian Ryerson,Norway,28,Borussia Dortmund,"RB, LB",143,Bundesliga
Aleix García,Spain,29,Bayer Leverkusen,CDM,143,Bundesliga
Ellyes Skhiri,Tunisia,31,Eintracht Frankfurt,CDM,143,Bundesliga
Matthias Ginter,Germany,32,SC Freiburg,"CB, RB",143,Bundesliga
Lukas Klostermann,Germany,30,RB Leipzig,"CB, RB, LB",143,Bundesliga
David Raum,Germany,28,RB Leipzig,"LB, LM",143,Bundesliga
Tammy Abraham,England,28,Aston Villa,ST,143,Premier Division
Brennan Johnson,Wales,25,Everton,"AMF, RW, LW, ST",143,Premier Division
Wataru Endo,Japan,33,Liverpool,CDM,143,Premier Division
Emiliano Buendía,Argentina,29,Aston Villa,"AMF, RW",143,Premier Division
António Silva,Portugal,22,Bournemouth,CB,143,Premier Division
Edon Zhegrova,Kosovo,27,Juventus,"AMF, RW, LW",143,Serie A
Justin Bijlow,Netherlands,28,Genoa,GK,143,Serie A
Gianluca Scamacca,Italy,27,Atalanta,ST,143,Serie A
Alessandro Buongiorno,Italy,27,Napoli,CB,143,Serie A
Andrea Cambiaso,Italy,26,Juventus,"RB, LB, RM, LM",143,Serie A
Evan N'Dicka,Ivory Coast,26,AS Roma,"CB, LB",143,Serie A
Khephren Thuram,France,25,Juventus,CDM,143,Serie A
Youssouf Fofana,France,27,AC Milan,CDM,143,Serie A
Billy Gilmour,Scotland,25,Napoli,CDM,143,Serie A
Arnaut Danjuma,Netherlands,29,Valencia,"RW, LW",143,First Division
Alexander Sørloth,Norway,30,Atletico Madrid,ST,143,First Division
Marcos Alonso,Spain,35,Celta Vigo,"CB, LB, LM",143,First Division
Álvaro García,Spain,33,Rayo Vallecano,LW,143,First Division
Carles Pérez,Spain,28,Celta Vigo,"AMF, RW, LW",143,First Division
Igor Zubeldia,Spain,29,Real Sociedad,"CB, CDM",143,First Division
Álex Baena,Spain,24,Atletico Madrid,"AMF, RW, LW",143,First Division
Yangel Herrera,Venezuela,28,Real Sociedad,CDM,143,First Division
Amadou Haïdara,Mali,28,RC Lens,CDM,143,Ligue 1 Uber Eats
Bradley Barcola,France,23,PSG,"RW, LW, ST",143,Ligue 1 Uber Eats
Mario Götze,Germany,34,Eintracht Frankfurt,AMF,142,Bundesliga
Robin Gosens,Germany,32,Schalke 04,"LB, LM",142,Bundesliga
Eljif Elmas,North Macedonia,26,RB Leipzig,"AMF, LW",142,Bundesliga
Vincenzo Grifo,Italy,33,SC Freiburg,"AMF, LW",142,Bundesliga
Deniz Undav,Germany,29,VfB Stuttgart,"AMF, ST",142,Bundesliga
Lucas Perri,Brazil,28,Leeds United,GK,142,Premier Division
Mathias Jensen,Denmark,30,Brentford,CM,142,Premier Division
Robert Sánchez,Spain,28,Chelsea,GK,142,Premier Division
Nordi Mukiele,France,28,Sunderland,"CB, RB",142,Premier Division
Yeremy Pino,Spain,23,Crystal Palace,"AMF, RW, LW, ST",142,Premier Division
Tyler Adams,U.S.A.,27,Bournemouth,"RB, CDM",142,Premier Division
Victor Lindelöf,Sweden,31,Aston Villa,CB,142,Premier Division
Ousmane Diomande,Ivory Coast,22,Nottingham Forest,CB,142,Premier Division
Leonardo Spinazzola,Italy,33,Napoli,"LB, LM",142,Serie A
Nicolò Fagioli,Italy,25,Fiorentina,"CDM, AMF",142,Serie A
Pierre Kalulu,France,26,Juventus,"CB, RB",142,Serie A
Adam Maruic,Montenegro,33,Lazio,"RB, LB",142,Serie A
Patric,Spain,33,Lazio,CB,142,Serie A
Samuel Chukwueze,Nigeria,27,AC Milan,"RW, LW",142,Serie A
Mathías Olivera,Uruguay,28,Napoli,"LB, LM",142,Serie A
João Mário,Portugal,26,Fiorentina,"RB, RM",142,Serie A
Sead Kolainac,Bosnia & Herzegovina,33,Atalanta,"CB, LB",142,Serie A
Karim Adeyemi,Germany,24,Barcelona,"RW, LW, ST",142,First Division
Umar Sadiq,Nigeria,29,Valencia,ST,142,First Division
Matteo Ruggeri,Italy,24,Atletico Madrid,LB,142,First Division
Mouctar Diakhaby,Guinea,29,Valencia,"CB, CDM",142,First Division
Dávid Hancko,Slovakia,28,Atletico Madrid,"CB, LB",142,First Division
David Soria,Spain,33,Getafe,GK,142,First Division
Ayoze Pérez,Spain,32,Villarreal,"AMF, RW, LW, ST",142,First Division
Javi Galán,Spain,31,Celta Vigo,LB,142,First Division
Brice Samba,France,32,Rennes,GK,142,Ligue 1 Uber Eats
Denis Zakaria,Switzerland,29,AS Monaco,CDM,142,Ligue 1 Uber Eats
Facundo Medina,Argentina,27,Bayer Leverkusen,CB,141,Bundesliga
Ross Barkley,England,32,Aston Villa,"CDM, AMF",141,Premier Division
Levi Colwill,England,23,Chelsea,"CB, LB",141,Premier Division
Dominic Solanke,England,28,Tottenham,ST,141,Premier Division
Jacob Ramsey,England,25,Newcastle United,"AMF, LW",141,Premier Division
Ryan Gravenberch,Netherlands,24,Liverpool,"CDM, AMF",141,Premier Division
Ðorde Petrovic,Serbia,26,Bournemouth,GK,141,Premier Division
Kepa Arrizabalaga,Spain,31,Arsenal,GK,141,Premier Division
Jorge Cuenca,Spain,26,Fulham,CB,141,Premier Division
Sávio,Brazil,22,Manchester City,"RW, LW",141,Premier Division
Myles Lewis-Skelly,England,19,Arsenal,"LB, CDM",141,Premier Division
Mario Paalic,Croatia,31,Atalanta,AMF,141,Serie A
Nikola Vlaic,Croatia,28,Torino,"AMF, RW, LW",141,Serie A
Jérémie Boga,Ivory Coast,29,Juventus,"AMF, LW",141,Serie A
Scott McTominay,Scotland,29,Napoli,"CDM, AMF",141,Serie A
Cristiano Biraghi,Italy,33,Torino,LB,141,Serie A
Nicolò Rovella,Italy,24,Lazio,CDM,141,Serie A
Santiago Giménez,Mexico,25,AC Milan,ST,141,Serie A
Antony,Brazil,26,Real Betis,RW,141,First Division
Héctor Bellerín,Spain,31,Real Betis,RB,141,First Division
Gonçalo Guedes,Portugal,29,Real Sociedad,"AMF, RW, LW, ST",141,First Division
Marc Roca,Spain,29,Real Betis,CDM,141,First Division
Rodrigo Riquelme,Spain,26,Real Betis,"LB, AMF, RW, LW",141,First Division
Terem Moffi,Nigeria,27,OGC Nice,ST,141,Ligue 1 Uber Eats
Lucas Digne,France,32,PSG,LB,141,Ligue 1 Uber Eats
Valentin Rongier,France,31,Rennes,CDM,141,Ligue 1 Uber Eats
Philipp Lienhart,Austria,30,SC Freiburg,CB,140,Bundesliga
Christoph Baumgartner,Austria,26,RB Leipzig,"AMF, ST",140,Bundesliga
Felix Nmecha,Germany,25,Borussia Dortmund,"CDM, AMF",140,Bundesliga
Sacha Boey,France,25,Bayern Munich,RB,140,Bundesliga
Robert Andrich,Germany,31,Bayer Leverkusen,"CB, CDM",140,Bundesliga
Walter Benítez,Argentina,33,Crystal Palace,GK,140,Premier Division
Ben Davies,Wales,33,Tottenham,"CB, LB",140,Premier Division
Harvey Barnes,England,28,Newcastle United,"AMF, RW, LW",140,Premier Division
Callum Hudson-Odoi,England,25,Nottingham Forest,"AMF, RW, LW",140,Premier Division
Cole Palmer,England,24,Chelsea,"AMF, RW, LW",140,Premier Division
Tino Livramento,England,23,Newcastle United,"RB, LB",140,Premier Division
James Tarkowski,England,33,Everton,CB,140,Premier Division
Dan Burn,England,34,Newcastle United,"CB, LB",140,Premier Division
Kenny Tete,Netherlands,30,Fulham,RB,140,Premier Division
Justin Kluivert,Netherlands,27,Bournemouth,"AMF, RW, LW",140,Premier Division
Ferdi Kadioglu,Türkiye,26,Brighton,"RB, LB",140,Premier Division
Daichi Kamada,Japan,29,Crystal Palace,AMF,140,Premier Division
Kristoffer Ajer,Norway,28,Brentford,"CB, CDM",140,Premier Division
Aaron Hickey,Scotland,24,Brentford,"RB, LB",140,Premier Division
Florentino Luís,Portugal,26,Ipswich Town,CDM,140,Premier Division
Beto,Guinea-Bissau,28,Everton,ST,140,Premier Division
Kevin Danso,Austria,27,Tottenham,CB,140,Premier Division
Noah Okafor,Switzerland,26,Leeds United,"RW, LW, ST",140,Premier Division
Giovanni Simeone,Argentina,31,Torino,ST,140,Serie A
Alexis Saelemaekers,Belgium,27,AC Milan,"RB, RW, LW",140,Serie A
Rasmus Højlund,Denmark,23,Napoli,ST,140,Serie A
Davide Zappacosta,Italy,34,Atalanta,"RB, LB, RM",140,Serie A
Alfred Duncan,Ghana,33,Venezia,CDM,140,Serie A
Federico Bernardeschi,Italy,32,Bologna,"RB, LB, RW, LW",140,Serie A
Michele Di Gregorio,Italy,28,Juventus,GK,140,Serie A
Andrea Colpani,Italy,27,Monza,AMF,140,Serie A
Moise Kean,Italy,26,Fiorentina,"RW, LW, ST",140,Serie A
Ivan Ilic,Serbia,25,Torino,"CDM, AMF",140,Serie A
Duván Zapata,Colombia,35,Torino,ST,140,Serie A
Jesper Karlsson,Sweden,27,Bologna,"RW, LW, ST",140,Serie A
Odilon Kossounou,Ivory Coast,25,Atalanta,"CB, RB",140,Serie A
Giovani Lo Celso,Argentina,30,Real Betis,"CDM, AMF, LW",140,First Division
Luiz Felipe,Italy,29,Rayo Vallecano,CB,140,First Division
Diego Llorente,Spain,32,Real Betis,CB,140,First Division
Yuri,Spain,36,Athletic Bilbao,LB,140,First Division
Íñigo Ruiz de Galarreta,Spain,32,Athletic Bilbao,CDM,140,First Division
Alejandro Catena,Spain,31,Osasuna,CB,140,First Division
Borja Mayoral,Spain,29,Getafe,ST,140,First Division
Santi Comesaña,Spain,29,Villarreal,CDM,140,First Division
Álvaro Fidalgo,Spain,29,Real Betis,"AMF, LW",140,First Division
Enes Ünal,Türkiye,29,Getafe,ST,140,First Division
Matías Vecino,Uruguay,34,Celta Vigo,CDM,140,First Division
Javi Guerra,Spain,23,Valencia,"CDM, AMF, RW",140,First Division
Nayef Aguerd,Morocco,30,Marseille,CB,140,Ligue 1 Uber Eats
Kevin Trapp,Germany,36,Paris FC,GK,140,Ligue 1 Uber Eats
Takumi Minamino,Japan,31,AS Monaco,"AMF, LW",140,Ligue 1 Uber Eats
Renato Sanches,Portugal,28,PSG,"CDM, AMF",140,Ligue 1 Uber Eats
Séko Fofana,Ivory Coast,31,Rennes,CDM,140,Ligue 1 Uber Eats
Ludovic Blas,France,28,Rennes,"AMF, RW",140,Ligue 1 Uber Eats
Sebastian Szymanski,Poland,27,Rennes,"AMF, RW, LW",140,Ligue 1 Uber Eats
