Name,Ability,Times Acquired,Acquisition Rate,Avg Price,Ability Per Price
Kevin De Bruyne,190.0,2997,0.03,198670670.67,9.6e-07
Erling Haaland,188.0,2644,0.0264,197413010.59,9.5e-07
Kylian Mbappé,188.0,3098,0.031,196916720.46,9.5e-07
Lionel Messi,185.0,3133,0.0313,193363868.5,9.6e-07
Harry Kane,184.0,2880,0.0288,192807986.11,9.5e-07
Vinícius Júnior,184.0,3143,0.0314,192447979.64,9.6e-07
Thibaut Courtois,181.0,2725,0.0272,189874495.41,9.5e-07
Mohamed Salah,181.0,3112,0.0311,189667416.45,9.5e-07
Rodri,180.0,3055,0.0306,188490343.7,9.5e-07
Virgil van Dijk,178.0,2787,0.0279,187093290.28,9.5e-07
Bernardo Silva,178.0,3101,0.031,186703966.46,9.5e-07
Robert Lewandowski,178.0,2572,0.0257,186593312.6,9.5e-07
Jude Bellingham,177.0,2668,0.0267,185863193.4,9.5e-07
Alisson,176.0,2642,0.0264,184625283.88,9.5e-07
Declan Rice,176.0,3081,0.0308,183949691.66,9.6e-07
Marc-André ter Stegen,175.0,2615,0.0261,183710516.25,9.5e-07
Neymar,175.0,3040,0.0304,183409868.42,9.5e-07
Bukayo Saka,174.0,2985,0.0299,182557453.94,9.5e-07
Martin Ødegaard,173.0,1979,0.0198,182403739.26,9.5e-07
Rúben Dias,173.0,2790,0.0279,182263440.86,9.5e-07
Joshua Kimmich,174.0,3013,0.0301,182201792.23,9.5e-07
Lautaro Martínez,173.0,2602,0.026,182044196.77,9.5e-07
Antoine Griezmann,172.0,3185,0.0319,181274725.27,9.5e-07
Luka Modric,171.0,1895,0.019,180537203.17,9.5e-07
Jan Oblak,171.0,2683,0.0268,180447633.25,9.5e-07
Bruno Fernandes,171.0,2992,0.0299,179750668.45,9.5e-07
Eduardo Camavinga,170.0,2982,0.0298,178909456.74,9.5e-07
Heung-Min Son,170.0,3004,0.03,178907456.72,9.5e-07
Ronald Araujo,170.0,3187,0.0319,178591779.1,9.5e-07
Leroy Sané,169.0,2987,0.0299,177842986.27,9.5e-07
Victor Osimhen,169.0,2641,0.0264,177782658.08,9.5e-07
Phil Foden,169.0,3230,0.0323,177604334.37,9.5e-07
Federico Valverde,168.0,2939,0.0294,177509697.18,9.5e-07
Rodrygo,168.0,3084,0.0308,176726977.95,9.5e-07
Ousmane Dembélé,167.0,3085,0.0308,176229821.72,9.5e-07
Ilkay Gündogan,167.0,2618,0.0262,176085943.47,9.5e-07
Éder Militão,166.0,2874,0.0287,175124565.07,9.5e-07
John Stones,166.0,3170,0.0317,174694321.77,9.5e-07
Antonio Rüdiger,166.0,2859,0.0286,174545995.1,9.5e-07
Bruno Guimarães,165.0,2110,0.0211,174291469.19,9.5e-07
Karim Benzema,165.0,2575,0.0257,174160776.7,9.5e-07
Frenkie de Jong,165.0,2169,0.0217,173784232.37,9.5e-07
Gabriel Jesus,165.0,3118,0.0312,173237010.9,9.5e-07
Jack Grealish,164.0,3092,0.0309,173157179.82,9.5e-07
William Saliba,164.0,2906,0.0291,172706125.26,9.5e-07
Kyle Walker,164.0,2842,0.0284,172368754.4,9.5e-07
Marquinhos,163.0,3039,0.0304,172217176.7,9.5e-07
Rafael Leão,163.0,2984,0.0298,171646112.6,9.5e-07
Khvicha Kvaratskhelia,162.0,2419,0.0242,171209177.35,9.5e-07
Cristian Romero,162.0,2839,0.0284,171017611.84,9.5e-07
Manuel Neuer,162.0,2799,0.028,171001071.81,9.5e-07
Kingsley Coman,162.0,3154,0.0315,170850031.71,9.5e-07
Christopher Nkunku,162.0,3148,0.0315,170801778.91,9.5e-07
Trent Alexander-Arnold,162.0,3091,0.0309,170796182.47,9.5e-07
Kim Min-Jae,162.0,2891,0.0289,170678312.0,9.5e-07
Luis Díaz,162.0,3025,0.0302,170585785.12,9.5e-07
Pedri,162.0,3084,0.0308,170520752.27,9.5e-07
Nicolò Barella,161.0,3201,0.032,170098719.15,9.5e-07
Marco Verratti,160.0,2159,0.0216,169973135.71,9.4e-07
Achraf Hakimi,161.0,2777,0.0278,169894130.36,9.5e-07
Gianluigi Donnarumma,161.0,2868,0.0287,169826011.16,9.5e-07
Raheem Sterling,161.0,3073,0.0307,169796290.27,9.5e-07
Reece James,161.0,3202,0.032,169603997.5,9.5e-07
Lucas Hernández,161.0,3080,0.0308,169543506.49,9.5e-07
Sergej Milinkovic-Savic,160.0,1925,0.0192,169502337.66,9.4e-07
N'Golo Kanté,160.0,2115,0.0211,169005200.95,9.5e-07
Cristiano Ronaldo,160.0,2626,0.0263,168996572.73,9.5e-07
Hakan Çalhanoglu,160.0,2573,0.0257,168876797.51,9.5e-07
Dejan Kulusevski,160.0,3101,0.031,168850048.37,9.5e-07
Gabriel Martinelli,160.0,3230,0.0323,168793808.05,9.5e-07
Marcus Rashford,160.0,3002,0.03,168762158.56,9.5e-07
Mike Maignan,159.0,2694,0.0269,168212694.88,9.5e-07
Matthijs de Ligt,159.0,2833,0.0283,167869396.4,9.5e-07
Iñaki Williams,159.0,3223,0.0322,167786224.01,9.5e-07
Marco Asensio,159.0,3093,0.0309,167730682.19,9.5e-07
David Alaba,159.0,3247,0.0325,167624884.51,9.5e-07
Luke Shaw,159.0,3058,0.0306,167620667.1,9.5e-07
James Maddison,159.0,3120,0.0312,167616987.18,9.5e-07
Kieran Trippier,159.0,2969,0.0297,167588413.61,9.5e-07
Theo Hernández,158.0,2675,0.0267,167290093.46,9.4e-07
Enzo Fernández,158.0,2605,0.0261,167211900.19,9.4e-07
Jamal Musiala,158.0,3095,0.0309,167161873.99,9.5e-07
Dayot Upamecano,158.0,2855,0.0285,167103327.5,9.5e-07
Alexis Mac Allister,158.0,2618,0.0262,167063789.15,9.5e-07
Nicolás Otamendi,158.0,2871,0.0287,166976314.87,9.5e-07
Aurélien Tchouameni,157.0,2143,0.0214,166878674.76,9.4e-07
Milan kriniar,158.0,2921,0.0292,166860664.16,9.5e-07
Ángel Di María,158.0,3107,0.0311,166834245.25,9.5e-07
Jules Koundé,158.0,3175,0.0318,166817952.76,9.5e-07
Sandro Tonali,157.0,2124,0.0212,166677024.48,9.4e-07
Casemiro,157.0,2065,0.0207,166663438.26,9.4e-07
João Cancelo,158.0,3081,0.0308,166655955.86,9.5e-07
Viktor Gyökeres,158.0,2597,0.026,166551790.53,9.5e-07
Romelu Lukaku,157.0,2665,0.0267,166365853.66,9.4e-07
Andrew Robertson,157.0,2652,0.0265,166328054.3,9.4e-07
Emiliano Martínez,157.0,2610,0.0261,166195785.44,9.4e-07
Yves Bissouma,157.0,2087,0.0209,166125539.05,9.5e-07
Leon Goretzka,157.0,2730,0.0273,165940659.34,9.5e-07
Marcus Thuram,157.0,3137,0.0314,165928594.2,9.5e-07
Federico Dimarco,157.0,3208,0.0321,165706982.54,9.5e-07
Moisés Caicedo,156.0,2167,0.0217,165697738.81,9.4e-07
José Gayà,157.0,3070,0.0307,165651791.53,9.5e-07
Vitinha,156.0,2045,0.0204,165559413.2,9.4e-07
Koke,157.0,3249,0.0325,165531855.96,9.5e-07
Henrikh Mkhitaryan,156.0,2707,0.0271,165368673.81,9.4e-07
Ferland Mendy,156.0,2723,0.0272,165291957.4,9.4e-07
Wojciech Szczesny,156.0,2713,0.0271,165281238.48,9.4e-07
Rodrigo Bentancur,156.0,2181,0.0218,165257221.46,9.4e-07
Duan Vlahovic,156.0,2654,0.0265,165243406.18,9.4e-07
Gabriel,156.0,2942,0.0294,165162814.41,9.4e-07
Olivier Giroud,156.0,2612,0.0261,165044027.57,9.5e-07
Ibrahima Konaté,156.0,2822,0.0282,165023742.03,9.5e-07
Yann Sommer,156.0,2637,0.0264,165008722.03,9.5e-07
Mason Mount,156.0,3126,0.0313,164976007.68,9.5e-07
Thiago Silva,156.0,2889,0.0289,164952232.61,9.5e-07
Nathan Aké,156.0,3149,0.0315,164925055.57,9.5e-07
João Palhinha,155.0,2132,0.0213,164924953.1,9.4e-07
Federico Chiesa,156.0,3314,0.0331,164897103.2,9.5e-07
Gregor Kobel,156.0,2679,0.0268,164798432.25,9.5e-07
Alphonso Davies,156.0,3029,0.0303,164794321.56,9.5e-07
Alexander Isak,156.0,2599,0.026,164726433.24,9.5e-07
Guido Rodríguez,155.0,2124,0.0212,164674199.62,9.4e-07
Serge Gnabry,156.0,3168,0.0317,164610479.8,9.5e-07
Pau Torres,156.0,2882,0.0288,164598542.68,9.5e-07
Darwin Núñez,156.0,2963,0.0296,164568005.4,9.5e-07
Franck Kessié,155.0,2071,0.0207,164508932.88,9.4e-07
Sven Botman,156.0,3051,0.0305,164476565.06,9.5e-07
Adrien Rabiot,156.0,3206,0.0321,164449157.83,9.5e-07
Sergio Canales,155.0,1988,0.0199,164365191.15,9.4e-07
Marcelo Brozovic,155.0,2106,0.0211,164327160.49,9.4e-07
Diogo Costa,155.0,2724,0.0272,164301395.01,9.4e-07
Benjamin Pavard,156.0,3065,0.0307,164291354.0,9.5e-07
Oleksandr Zinchenko,155.0,3036,0.0304,164228260.87,9.4e-07
Ben Chilwell,155.0,2711,0.0271,164222058.28,9.4e-07
Mats Hummels,155.0,2912,0.0291,164071771.98,9.4e-07
Jarrod Bowen,155.0,3218,0.0322,164049409.57,9.4e-07
Mauro Icardi,155.0,2558,0.0256,164023846.76,9.4e-07
Rafa,155.0,3082,0.0308,164023361.45,9.4e-07
Bremer,155.0,2860,0.0286,164013986.01,9.5e-07
Pervis Estupiñán,155.0,2655,0.0266,163885875.71,9.5e-07
Dani Carvajal,155.0,2874,0.0287,163862212.94,9.5e-07
Lisandro Martínez,155.0,3146,0.0315,163817228.23,9.5e-07
Randal Kolo Muani,155.0,3101,0.031,163769106.74,9.5e-07
Paulo Dybala,155.0,3215,0.0321,163744012.44,9.5e-07
Guglielmo Vicario,155.0,2766,0.0277,163739696.31,9.5e-07
Thomas Partey,155.0,3153,0.0315,163734855.69,9.5e-07
Riyad Mahrez,155.0,3069,0.0307,163666992.51,9.5e-07
Dani Olmo,155.0,3014,0.0301,163552753.82,9.5e-07
Yannick Carrasco,155.0,3175,0.0318,163492283.46,9.5e-07
Thomas Müller,155.0,3220,0.0322,163465217.39,9.5e-07
Benjamin White,155.0,3171,0.0317,163408073.16,9.5e-07
Gavi,154.0,2664,0.0266,163368618.62,9.4e-07
Giovanni Di Lorenzo,154.0,2880,0.0288,163302777.78,9.4e-07
Yan Diomandé,154.0,3017,0.0302,163284388.47,9.4e-07
Luis Alberto,153.0,1980,0.0198,163260101.01,9.4e-07
Alessandro Bastoni,154.0,2914,0.0291,163098490.05,9.4e-07
Lucas Ocampos,154.0,3250,0.0325,163075384.62,9.4e-07
Álex Grimaldo,154.0,2659,0.0266,163056412.19,9.4e-07
Julian Brandt,154.0,3171,0.0317,163016083.25,9.4e-07
Danilo Pereira,154.0,3029,0.0303,162873555.63,9.5e-07
Pedro Porro,154.0,2827,0.0283,162831977.36,9.5e-07
Lewis Dunk,154.0,2808,0.0281,162778490.03,9.5e-07
Andreas Christensen,154.0,2876,0.0288,162757997.22,9.5e-07
Leandro Trossard,154.0,3236,0.0324,162738566.13,9.5e-07
Sebastián Coates,154.0,2882,0.0288,162726578.76,9.5e-07
Manuel Akanji,154.0,3105,0.0311,162652173.91,9.5e-07
Raphinha,154.0,3018,0.0302,162583830.35,9.5e-07
Gerard Moreno,154.0,3166,0.0317,162575489.58,9.5e-07
Dominik Szoboszlai,154.0,3194,0.0319,162541014.4,9.5e-07
Mikel Merino,153.0,2100,0.021,162520952.38,9.4e-07
Teun Koopmeiners,153.0,2700,0.027,162301481.48,9.4e-07
André-Franck Zambo Anguissa,153.0,2058,0.0206,162259475.22,9.4e-07
Ricardo Horta,153.0,3305,0.0331,162244478.06,9.4e-07
Álvaro Morata,153.0,2668,0.0267,162221139.43,9.4e-07
Piotr Zielinski,152.0,1828,0.0183,162039387.31,9.4e-07
Unai Simón,153.0,2759,0.0276,161963392.53,9.4e-07
Ansu Fati,153.0,3286,0.0329,161924223.98,9.4e-07
Rodrigo De Paul,153.0,2987,0.0299,161884499.5,9.5e-07
Mikel Oyarzábal,153.0,3148,0.0315,161865946.63,9.5e-07
Julián Álvarez,153.0,3155,0.0316,161846909.67,9.5e-07
Joelinton,153.0,2715,0.0272,161797790.06,9.5e-07
Christian Pulisic,153.0,3065,0.0307,161783034.26,9.5e-07
Cody Gakpo,153.0,3125,0.0312,161751360.0,9.5e-07
Jérémy Doku,153.0,3181,0.0318,161712983.34,9.5e-07
John McGinn,153.0,3108,0.0311,161705276.71,9.5e-07
Manuel Ugarte,152.0,2056,0.0206,161690661.48,9.4e-07
Granit Xhaka,152.0,2148,0.0215,161662476.72,9.4e-07
Moussa Diaby,153.0,3182,0.0318,161656505.34,9.5e-07
João Félix,153.0,3125,0.0312,161638080.0,9.5e-07
Iago Aspas,153.0,3175,0.0318,161586456.69,9.5e-07
Ismaël Bennacer,152.0,2097,0.021,161504530.28,9.4e-07
Mateo Kovacic,152.0,2060,0.0206,161446116.5,9.4e-07
Ivan Provedel,152.0,2763,0.0276,161365182.77,9.4e-07
Florian Wirtz,152.0,3101,0.031,161198323.12,9.4e-07
Francesco Acerbi,152.0,2926,0.0293,161198222.83,9.4e-07
Fikayo Tomori,152.0,2853,0.0285,161197686.65,9.4e-07
Alex Meret,152.0,2534,0.0253,161121152.33,9.4e-07
David Raya,152.0,2741,0.0274,161044874.13,9.4e-07
Nuno Mendes,152.0,2696,0.027,160988872.4,9.4e-07
Serhou Guirassy,152.0,2610,0.0261,160987739.46,9.4e-07
Pablo Sarabia,152.0,3136,0.0314,160882971.94,9.4e-07
Marcos Llorente,152.0,3275,0.0328,160882442.75,9.4e-07
Kai Havertz,152.0,2911,0.0291,160829611.82,9.5e-07
Nicolás González,152.0,3222,0.0322,160733395.41,9.5e-07
Kieran Tierney,152.0,3116,0.0312,160665917.84,9.5e-07
Stanislav Lobotka,151.0,2009,0.0201,160609756.1,9.4e-07
Marc Guéhi,151.0,2884,0.0288,160581830.79,9.4e-07
Mateus Uribe,150.0,2070,0.0207,160566666.67,9.3e-07
Bryan Cristante,151.0,2044,0.0204,160470156.56,9.4e-07
Mattia Zaccagni,151.0,2612,0.0261,160460949.46,9.4e-07
Fabián,151.0,2718,0.0272,160326710.82,9.4e-07
Sergio Ramos,151.0,2813,0.0281,160318521.15,9.4e-07
Fredrik Aursnes,151.0,2127,0.0213,160165491.3,9.4e-07
Keylor Navas,151.0,2757,0.0276,160165397.17,9.4e-07
Youssef En-Nesyri,151.0,2707,0.0271,160015884.74,9.4e-07
Martín Zubimendi,150.0,2123,0.0212,160005181.35,9.4e-07
Callum Wilson,151.0,2540,0.0254,160003543.31,9.4e-07
Domenico Berardi,151.0,3001,0.03,159956347.88,9.4e-07
Edson Álvarez,151.0,3048,0.0305,159921916.01,9.4e-07
Yan Couto,151.0,3205,0.0321,159815288.61,9.4e-07
Fred,150.0,2071,0.0207,159807822.31,9.4e-07
Álex Moreno,151.0,3005,0.0301,159764059.9,9.5e-07
Héctor Herrera,150.0,2131,0.0213,159702017.83,9.4e-07
Kostas Tsimikas,150.0,2667,0.0267,159667041.62,9.4e-07
Denzel Dumfries,151.0,2892,0.0289,159651452.28,9.5e-07
Alejandro Balde,151.0,3058,0.0306,159613799.87,9.5e-07
Rúben Neves,150.0,2101,0.021,159608757.73,9.4e-07
Wesley Fofana,151.0,2905,0.029,159590705.68,9.5e-07
Aleksandar Mitrovic,150.0,2692,0.0269,159536775.63,9.4e-07
Danilo,151.0,3256,0.0326,159510442.26,9.5e-07
James Ward-Prowse,150.0,2692,0.0269,159500000.0,9.4e-07
Joe Gomez,151.0,3281,0.0328,159454434.62,9.5e-07
Aymeric Laporte,150.0,2951,0.0295,159378176.89,9.4e-07
Jonas Hofmann,150.0,3077,0.0308,159370815.73,9.4e-07
Ivan Toney,150.0,2599,0.026,159313197.38,9.4e-07
Ciro Immobile,150.0,2672,0.0267,159277320.36,9.4e-07
Álex Remiro,150.0,2675,0.0267,159276261.68,9.4e-07
Yassine Bounou,150.0,2742,0.0274,159256382.2,9.4e-07
Kalidou Koulibaly,150.0,2906,0.0291,159248107.36,9.4e-07
Luis Suárez,150.0,2692,0.0269,159241827.64,9.4e-07
Jordan Pickford,150.0,2698,0.027,159213862.12,9.4e-07
Fabinho,150.0,3039,0.0304,159200065.81,9.4e-07
Memphis Depay,150.0,3130,0.0313,159181789.14,9.4e-07
Manuel Locatelli,149.0,2138,0.0214,159164172.12,9.4e-07
Miguel Gutiérrez,150.0,2648,0.0265,159163897.28,9.4e-07
Lucas Torreira,150.0,2064,0.0206,159120639.53,9.4e-07
Gonçalo Ramos,150.0,2559,0.0256,159110590.07,9.4e-07
Sadio Mané,150.0,3161,0.0316,159107560.9,9.4e-07
Matteo Politano,150.0,3084,0.0308,159105706.87,9.4e-07
Dominic Calvert-Lewin,150.0,2617,0.0262,159084829.96,9.4e-07
Talisca,150.0,3201,0.032,159081537.02,9.4e-07
Douglas Luiz,149.0,2152,0.0215,159036710.04,9.4e-07
Ruben Loftus-Cheek,150.0,2703,0.027,159017018.13,9.4e-07
Joko Gvardiol,150.0,3178,0.0318,158965701.7,9.4e-07
Tijjani Reijnders,150.0,2690,0.0269,158963940.52,9.4e-07
Édouard Mendy,150.0,2707,0.0271,158953454.01,9.4e-07
Artem Dovbyk,150.0,2636,0.0264,158935128.98,9.4e-07
Allan Saint-Maximin,150.0,3222,0.0322,158886716.33,9.4e-07
Presnel Kimpembe,150.0,2868,0.0287,158817642.96,9.4e-07
Pepê,150.0,3242,0.0324,158784392.35,9.4e-07
Pedro Gonçalves,150.0,3150,0.0315,158773333.33,9.4e-07
Dani Ceballos,150.0,3140,0.0314,158765923.57,9.4e-07
Ferran Torres,150.0,3259,0.0326,158752684.87,9.4e-07
Takehiro Tomiyasu,150.0,3250,0.0325,158715384.62,9.5e-07
Ademola Lookman,150.0,3246,0.0325,158705175.6,9.5e-07
Mohammed Kudus,150.0,3177,0.0318,158697198.62,9.5e-07
Lucas Paquetá,150.0,3032,0.0303,158652374.67,9.5e-07
Michael Olise,150.0,3119,0.0312,158647002.24,9.5e-07
Isco,150.0,3190,0.0319,158614733.54,9.5e-07
Brahim Díaz,150.0,3178,0.0318,158602894.9,9.5e-07
José Giménez,149.0,2956,0.0296,158584573.75,9.4e-07
Kurt Zouma,150.0,3204,0.032,158532459.43,9.5e-07
Otávio,150.0,3107,0.0311,158521403.28,9.5e-07
Pascal Groß,149.0,2746,0.0275,158444646.76,9.4e-07
Kaoru Mitoma,149.0,2405,0.024,158283991.68,9.4e-07
Alexandr Golovin,149.0,2730,0.0273,158250915.75,9.4e-07
Xavi Simons,148.0,1926,0.0193,158247663.55,9.4e-07
Willi Orbán,149.0,2930,0.0293,158149829.35,9.4e-07
Nahuel Molina,149.0,2814,0.0281,158137171.29,9.4e-07
Nico Williams,149.0,3094,0.0309,158135423.4,9.4e-07
Robin Le Normand,149.0,2890,0.0289,158103114.19,9.4e-07
Oihan Sancet,148.0,1904,0.019,158067752.1,9.4e-07
Matheus Nunes,149.0,3005,0.0301,158050582.36,9.4e-07
Conor Gallagher,149.0,2647,0.0265,157941443.14,9.4e-07
Konrad Laimer,149.0,3114,0.0311,157921644.19,9.4e-07
Jonathan Tah,149.0,3178,0.0318,157918187.54,9.4e-07
Takefusa Kubo,149.0,3315,0.0331,157892307.69,9.4e-07
Ederson,149.0,5369,0.0537,157843732.54,9.4e-07
Pape Matar Sarr,148.0,1989,0.0199,157684263.45,9.4e-07
David Neres,149.0,3135,0.0314,157678787.88,9.4e-07
Curtis Jones,149.0,2771,0.0277,157581017.68,9.5e-07
Marcel Sabitzer,148.0,2636,0.0264,157574355.08,9.4e-07
Warren Zaïre-Emery,148.0,2165,0.0216,157503926.1,9.4e-07
Giorgi Mamardashvili,148.0,2674,0.0267,157442782.35,9.4e-07
Edmond Tapsoba,148.0,2852,0.0285,157324333.8,9.4e-07
Fabian Schär,148.0,2996,0.03,157237983.98,9.4e-07
Exequiel Palacios,148.0,2080,0.0208,157211538.46,9.4e-07
Emile Smith Rowe,148.0,3222,0.0322,157120422.1,9.4e-07
Carlos Soler,148.0,3095,0.0309,157081421.65,9.4e-07
Ebere Eze,148.0,2723,0.0272,157078589.79,9.4e-07
Loïs Openda,148.0,2674,0.0267,156968586.39,9.4e-07
Axel Disasi,148.0,2859,0.0286,156935641.83,9.4e-07
Amir Rrahmani,148.0,2864,0.0286,156890363.13,9.4e-07
Alessio Romagnoli,148.0,2838,0.0284,156865750.53,9.4e-07
Dani Vivian,148.0,3096,0.031,156854974.16,9.4e-07
Trevoh Chalobah,148.0,3178,0.0318,156810887.35,9.4e-07
Boubacar Kamara,147.0,2113,0.0211,156759583.53,9.4e-07
Anthony Gordon,148.0,3220,0.0322,156720807.45,9.4e-07
Eddie Nketiah,148.0,3187,0.0319,156689676.81,9.4e-07
Thomas Lemar,148.0,3063,0.0306,156623898.14,9.4e-07
Nick Pope,147.0,2762,0.0276,156487690.08,9.4e-07
Jurriën Timber,148.0,3364,0.0336,156485136.74,9.5e-07
Xaver Schlager,147.0,2006,0.0201,156438185.44,9.4e-07
Emre Can,147.0,3004,0.03,156412117.18,9.4e-07
Charles De Ketelaere,147.0,3008,0.0301,156397938.83,9.4e-07
Fábio Vieira,148.0,3184,0.0318,156377198.49,9.5e-07
Morten Hjulmand,147.0,2151,0.0215,156372384.94,9.4e-07
Youri Tielemans,147.0,2628,0.0263,156323439.88,9.4e-07
Gianluca Mancini,147.0,2937,0.0294,156206332.99,9.4e-07
Hidemasa Morita,146.0,2140,0.0214,156183177.57,9.3e-07
Joshua Zirkzee,147.0,2613,0.0261,156164179.1,9.4e-07
Benoît Badiashile,147.0,2928,0.0293,156118510.93,9.4e-07
Lorenzo Pellegrini,147.0,2672,0.0267,156060628.74,9.4e-07
Jan Paul van Hecke,147.0,2929,0.0293,156050529.19,9.4e-07
Martin Terrier,147.0,3252,0.0325,155982472.32,9.4e-07
Albert Guðmundsson,147.0,3265,0.0326,155980398.16,9.4e-07
Reiss Nelson,147.0,3043,0.0304,155947748.93,9.4e-07
Micky van de Ven,147.0,3128,0.0313,155924552.43,9.4e-07
Ezri Konsa,147.0,2877,0.0288,155910323.25,9.4e-07
Joachim Andersen,147.0,2751,0.0275,155837877.14,9.4e-07
Nicolas Jackson,147.0,3242,0.0324,155814620.6,9.4e-07
Marten de Roon,146.0,2165,0.0216,155715011.55,9.4e-07
Harvey Elliott,147.0,3011,0.0301,155647293.26,9.4e-07
Noussair Mazraoui,149.0,4623,0.0462,155370754.92,9.6e-07
Danny Welbeck,146.0,3158,0.0316,155158328.06,9.4e-07
Lucas Vázquez,146.0,3277,0.0328,155155019.84,9.4e-07
Davide Frattesi,149.0,4579,0.0458,155124481.33,9.6e-07
Federico Gatti,146.0,2934,0.0293,155092365.37,9.4e-07
Jeremie Frimpong,146.0,2941,0.0294,155057123.43,9.4e-07
Lutsharel Geertruida,146.0,3206,0.0321,155046787.27,9.4e-07
Andriy Lunin,146.0,2747,0.0275,155016017.47,9.4e-07
Evanilson,146.0,2689,0.0269,154994049.83,9.4e-07
Reinildo,146.0,3116,0.0312,154947368.42,9.4e-07
Carlos Augusto,146.0,2664,0.0266,154904654.65,9.4e-07
Geoffrey Kondogbia,145.0,2124,0.0212,154884180.79,9.4e-07
Ollie Watkins,146.0,3241,0.0324,154715519.9,9.4e-07
Breel Embolo,146.0,3194,0.0319,154670945.52,9.4e-07
Destiny Udogie,146.0,2688,0.0269,154660342.26,9.4e-07
Ibrahim Sangaré,145.0,2137,0.0214,154658399.63,9.4e-07
Lewis Ferguson,146.0,2590,0.0259,154628957.53,9.4e-07
Jordan Henderson,145.0,2080,0.0208,154577884.62,9.4e-07
Harry Maguire,145.0,2891,0.0289,154571082.67,9.4e-07
Arkadiusz Milik,145.0,2618,0.0262,154366692.13,9.4e-07
Giorgio Scalvini,145.0,2893,0.0289,154251987.56,9.4e-07
Ander Barrenetxea,145.0,3128,0.0313,154243286.45,9.4e-07
Jonathan Clauss,145.0,2905,0.029,154196901.89,9.4e-07
Jason Steele,145.0,2835,0.0284,154144973.54,9.4e-07
Giacomo Raspadori,145.0,3260,0.0326,154134355.83,9.4e-07
Victor Boniface,145.0,2700,0.027,154062222.22,9.4e-07
Benjamin Henrichs,145.0,3209,0.0321,154034278.59,9.4e-07
Riccardo Orsolini,145.0,3063,0.0306,154019262.16,9.4e-07
Rico Henry,145.0,2646,0.0265,154008692.37,9.4e-07
Denis Suárez,145.0,2773,0.0277,153983772.09,9.4e-07
Donyell Malen,145.0,3343,0.0334,153968291.95,9.4e-07
Bernd Leno,145.0,2823,0.0282,153961388.59,9.4e-07
Christian Nørgaard,144.0,2154,0.0215,153957753.02,9.4e-07
Edin Deko,145.0,2672,0.0267,153907559.88,9.4e-07
Marc Cucurella,145.0,3192,0.0319,153871867.17,9.4e-07
Kevin Kampl,144.0,2150,0.0215,153848372.09,9.4e-07
Patrik Schick,145.0,2612,0.0261,153836523.74,9.4e-07
Leon Bailey,145.0,3090,0.0309,153800970.87,9.4e-07
Nico Schlotterbeck,145.0,3227,0.0323,153630306.79,9.4e-07
Arthur,144.0,2145,0.0215,153616783.22,9.4e-07
Lazar Samardic,144.0,1863,0.0186,153588298.44,9.4e-07
Tyrone Mings,145.0,3148,0.0315,153567026.68,9.4e-07
Juan Foyth,145.0,3242,0.0324,153518198.64,9.4e-07
Nicolò Zaniolo,145.0,3174,0.0317,153505671.08,9.4e-07
Richarlison,145.0,3144,0.0314,153457061.07,9.4e-07
Noa Lang,145.0,3058,0.0306,153447024.2,9.4e-07
Malick Thiaw,144.0,2934,0.0293,153422631.22,9.4e-07
Cheick Doucouré,144.0,2111,0.0211,153321648.51,9.4e-07
Marcão,144.0,2878,0.0288,153264767.2,9.4e-07
Nikola Milenkovic,144.0,2901,0.029,153247845.57,9.4e-07
Diogo Dalot,144.0,3175,0.0318,153192125.98,9.4e-07
Nemanja Matic,144.0,2085,0.0209,153170743.41,9.4e-07
Alejandro Garnacho,144.0,2995,0.03,153163606.01,9.4e-07
Amadou Haïdara,143.0,2069,0.0207,153022716.29,9.3e-07
Eric García,144.0,3029,0.0303,153018818.09,9.4e-07
Borja Iglesias,144.0,2661,0.0266,152940999.62,9.4e-07
Youssouf Fofana,143.0,2112,0.0211,152876420.45,9.4e-07
David De Gea,144.0,2832,0.0283,152846398.31,9.4e-07
Alfonso Pedraza,144.0,3112,0.0311,152843187.66,9.4e-07
Mario Hermoso,144.0,3208,0.0321,152799251.87,9.4e-07
Igor,144.0,3223,0.0322,152798324.54,9.4e-07
Aleix García,143.0,2158,0.0216,152787303.06,9.4e-07
Tammy Abraham,143.0,2622,0.0262,152786422.58,9.4e-07
Matheus Cunha,144.0,3291,0.0329,152766940.14,9.4e-07
Wataru Endo,143.0,2131,0.0213,152764899.11,9.4e-07
Bryan Mbeumo,144.0,3189,0.0319,152747256.19,9.4e-07
João Pedro,144.0,3269,0.0327,152628326.71,9.4e-07
Jonathan David,144.0,3235,0.0323,152624729.52,9.4e-07
Igor Zubeldia,143.0,3149,0.0315,152573197.84,9.4e-07
Billy Gilmour,143.0,2203,0.022,152503858.37,9.4e-07
Álvaro García,143.0,2361,0.0236,152502329.52,9.4e-07
Yangel Herrera,143.0,2139,0.0214,152462365.59,9.4e-07
Khephren Thuram,143.0,2198,0.022,152374886.26,9.4e-07
Rico Lewis,144.0,3151,0.0315,152355125.36,9.5e-07
Alessandro Buongiorno,143.0,2893,0.0289,152334946.42,9.4e-07
Ellyes Skhiri,143.0,2100,0.021,152331904.76,9.4e-07
Kang-In Lee,144.0,3102,0.031,152321083.17,9.5e-07
Justin Bijlow,143.0,2808,0.0281,152315170.94,9.4e-07
Mario Götze,142.0,1992,0.0199,152130522.09,9.3e-07
Carles Pérez,143.0,3164,0.0316,152121365.36,9.4e-07
Alexander Sørloth,143.0,2673,0.0267,152107744.11,9.4e-07
Edon Zhegrova,143.0,3260,0.0326,152079447.85,9.4e-07
Evan N'Dicka,143.0,3219,0.0322,152069586.83,9.4e-07
Andrea Cambiaso,143.0,3244,0.0324,152044081.38,9.4e-07
Ramy Bensebaïni,143.0,3142,0.0314,151996499.05,9.4e-07
Arnaut Danjuma,143.0,3113,0.0311,151986186.96,9.4e-07
Matthias Ginter,143.0,3217,0.0322,151968604.29,9.4e-07
Lukas Klostermann,143.0,3208,0.0321,151865024.94,9.4e-07
David Raum,143.0,2703,0.027,151847206.81,9.4e-07
Julian Ryerson,143.0,3229,0.0323,151842366.06,9.4e-07
Andrej Kramaric,143.0,2974,0.0297,151724949.56,9.4e-07
Gianluca Scamacca,143.0,2735,0.0273,151717001.83,9.4e-07
Marcos Alonso,143.0,3203,0.032,151711520.45,9.4e-07
Bradley Barcola,143.0,3225,0.0323,151706356.59,9.4e-07
Eljif Elmas,142.0,2917,0.0292,151699005.83,9.4e-07
António Silva,143.0,2939,0.0294,151694453.9,9.4e-07
Brennan Johnson,143.0,3241,0.0324,151608145.63,9.4e-07
Álex Baena,143.0,3225,0.0323,151541085.27,9.4e-07
Robin Gosens,142.0,2768,0.0277,151516979.77,9.4e-07
Javi Galán,142.0,2633,0.0263,151491074.82,9.4e-07
Nicolò Fagioli,142.0,2658,0.0266,151465763.73,9.4e-07
Emiliano Buendía,143.0,3158,0.0316,151459151.36,9.4e-07
Brice Samba,142.0,2745,0.0274,151426958.11,9.4e-07
Lucas Perri,142.0,2694,0.0269,151425018.56,9.4e-07
David Soria,142.0,2817,0.0282,151370962.02,9.4e-07
João Mário,142.0,2928,0.0293,151355874.32,9.4e-07
Tyler Adams,142.0,3139,0.0314,151351385.79,9.4e-07
Mathías Olivera,142.0,2706,0.0271,151342941.61,9.4e-07
Ayoze Pérez,142.0,3244,0.0324,151176633.79,9.4e-07
Umar Sadiq,142.0,2651,0.0265,151165975.1,9.4e-07
Adam Maruic,142.0,3271,0.0327,151150718.43,9.4e-07
Denis Zakaria,142.0,2094,0.0209,151138968.48,9.4e-07
Samuel Chukwueze,142.0,3058,0.0306,151122302.16,9.4e-07
Leonardo Spinazzola,142.0,2658,0.0266,151082769.0,9.4e-07
Robert Sánchez,142.0,2787,0.0279,151082526.01,9.4e-07
Ousmane Diomande,142.0,2905,0.029,151070223.75,9.4e-07
Nordi Mukiele,142.0,3220,0.0322,150998447.2,9.4e-07
Vincenzo Grifo,142.0,2782,0.0278,150946081.96,9.4e-07
Dávid Hancko,142.0,3205,0.0321,150934165.37,9.4e-07
Patric,142.0,2900,0.029,150932068.97,9.4e-07
Yeremy Pino,142.0,3210,0.0321,150925233.64,9.4e-07
Deniz Undav,142.0,2934,0.0293,150897068.85,9.4e-07
Matteo Ruggeri,142.0,2666,0.0267,150885221.31,9.4e-07
Sead Kolainac,142.0,3179,0.0318,150780434.1,9.4e-07
Valentin Rongier,141.0,2133,0.0213,150777308.95,9.4e-07
Nicolò Rovella,141.0,2223,0.0222,150775078.72,9.4e-07
Pierre Kalulu,142.0,3321,0.0332,150758506.47,9.4e-07
Victor Lindelöf,142.0,2985,0.0299,150748408.71,9.4e-07
Mouctar Diakhaby,142.0,3067,0.0307,150744701.66,9.4e-07
Mario Paalic,141.0,1972,0.0197,150717038.54,9.4e-07
Terem Moffi,141.0,2678,0.0268,150701269.6,9.4e-07
Karim Adeyemi,142.0,3351,0.0335,150601909.88,9.4e-07
Ryan Gravenberch,141.0,2682,0.0268,150573452.65,9.4e-07
Marc Roca,141.0,2149,0.0215,150535132.62,9.4e-07
Lucas Digne,141.0,2709,0.0271,150464008.86,9.4e-07
Dominic Solanke,141.0,2628,0.0263,150294140.03,9.4e-07
Santiago Giménez,141.0,2719,0.0272,150283927.91,9.4e-07
Nikola Vlaic,141.0,3233,0.0323,150276214.04,9.4e-07
Ross Barkley,141.0,2700,0.027,150260740.74,9.4e-07
Gonçalo Guedes,141.0,3281,0.0328,150224626.64,9.4e-07
Kepa Arrizabalaga,141.0,2831,0.0283,150215471.56,9.4e-07
Facundo Medina,141.0,2923,0.0292,150168662.33,9.4e-07
Ðorde Petrovic,141.0,2758,0.0276,150140319.07,9.4e-07
Jérémie Boga,141.0,2786,0.0279,150135678.39,9.4e-07
Héctor Bellerín,141.0,2995,0.03,150114858.1,9.4e-07
Scott McTominay,141.0,2622,0.0262,150076277.65,9.4e-07
Jacob Ramsey,141.0,2757,0.0276,149994559.3,9.4e-07
Sávio,141.0,3009,0.0301,149842804.92,9.4e-07
Cristiano Biraghi,141.0,2716,0.0272,149791237.11,9.4e-07
Jorge Cuenca,141.0,2898,0.029,149752587.99,9.4e-07
Levi Colwill,141.0,3153,0.0315,149717411.99,9.4e-07
Myles Lewis-Skelly,141.0,3075,0.0307,149654634.15,9.4e-07
Rodrigo Riquelme,141.0,3289,0.0329,149613560.35,9.4e-07
Antony,141.0,2997,0.03,149576576.58,9.4e-07
Weston McKennie,146.0,88927,0.8893,146332576.16,1e-06
Joe Willock,145.0,99567,0.9957,145287344.2,1e-06
Andrea Colpani,140.0,8239,0.0824,142417526.4,9.8e-07
Mathias Jensen,142.0,99922,0.9992,142282560.4,1e-06
Daichi Kamada,140.0,8166,0.0817,142268430.08,9.8e-07
Matías Vecino,140.0,10389,0.1039,142117239.39,9.9e-07
Séko Fofana,140.0,10411,0.1041,142108154.84,9.9e-07
Íñigo Ruiz de Galarreta,140.0,10380,0.1038,142052119.46,9.9e-07
Alfred Duncan,140.0,10242,0.1024,142038469.05,9.9e-07
Florentino Luís,140.0,10495,0.105,141980562.17,9.9e-07
Santi Comesaña,140.0,10434,0.1043,141902913.55,9.9e-07
Felix Nmecha,140.0,14511,0.1451,141844876.3,9.9e-07
Ivan Ilic,140.0,14669,0.1467,141757720.36,9.9e-07
Renato Sanches,140.0,14561,0.1456,141751871.44,9.9e-07
Takumi Minamino,140.0,20195,0.2019,141309878.68,9.9e-07
Álvaro Fidalgo,140.0,20413,0.2041,141250526.63,9.9e-07
Giovani Lo Celso,140.0,23097,0.231,141198034.38,9.9e-07
Duván Zapata,140.0,23536,0.2354,141084551.33,9.9e-07
Borja Mayoral,140.0,23512,0.2351,141073324.26,9.9e-07
Beto,140.0,23380,0.2338,141044867.41,9.9e-07
Christoph Baumgartner,140.0,25097,0.251,141042754.11,9.9e-07
Luiz Felipe,140.0,26099,0.261,141040806.16,9.9e-07
Rasmus Højlund,140.0,23384,0.2338,141039642.49,9.9e-07
James Tarkowski,140.0,25739,0.2574,141038540.74,9.9e-07
Giovanni Simeone,140.0,23249,0.2325,141036216.61,9.9e-07
Diego Llorente,140.0,25751,0.2575,141022834.06,9.9e-07
Kevin Danso,140.0,26066,0.2607,141016918.59,9.9e-07
Kristoffer Ajer,140.0,27859,0.2786,141016798.88,9.9e-07
Alejandro Catena,140.0,26023,0.2602,141010337.01,9.9e-07
Enes Ünal,140.0,23456,0.2346,141006522.85,9.9e-07
Nayef Aguerd,140.0,25862,0.2586,141002861.34,9.9e-07
Philipp Lienhart,140.0,25663,0.2566,140996025.41,9.9e-07
Robert Andrich,140.0,27660,0.2766,140951084.6,9.9e-07
Javi Guerra,140.0,33036,0.3304,140894902.53,9.9e-07
Ludovic Blas,140.0,32426,0.3243,140885616.48,9.9e-07
Sebastian Szymanski,140.0,32948,0.3295,140884302.54,9.9e-07
Justin Kluivert,140.0,32871,0.3287,140862705.73,9.9e-07
Cole Palmer,140.0,32911,0.3291,140852511.32,9.9e-07
Callum Hudson-Odoi,140.0,32693,0.3269,140847031.47,9.9e-07
Harvey Barnes,140.0,32712,0.3271,140842443.14,9.9e-07
Noah Okafor,140.0,36642,0.3664,140812210.03,9.9e-07
Moise Kean,140.0,36397,0.364,140801522.1,9.9e-07
Jesper Karlsson,140.0,36781,0.3678,140801092.96,9.9e-07
Ben Davies,140.0,38624,0.3862,140731255.18,9.9e-07
Yuri,140.0,33384,0.3338,140717559.31,9.9e-07
Dan Burn,140.0,38540,0.3854,140716813.7,9.9e-07
Kenny Tete,140.0,38583,0.3858,140701759.84,1e-06
Sacha Boey,140.0,38702,0.387,140686088.57,1e-06
Tino Livramento,140.0,44130,0.4413,140676297.3,1e-06
Aaron Hickey,140.0,43851,0.4385,140668673.46,1e-06
Odilon Kossounou,140.0,42056,0.4206,140650917.82,1e-06
Ferdi Kadioglu,140.0,44019,0.4402,140639382.99,1e-06
Alexis Saelemaekers,140.0,44816,0.4482,140631493.22,1e-06
Federico Bernardeschi,140.0,47880,0.4788,140625730.99,1e-06
Davide Zappacosta,140.0,43883,0.4388,140614816.67,1e-06
Walter Benítez,140.0,67204,0.672,140371644.54,1e-06
Michele Di Gregorio,140.0,67256,0.6726,140357276.67,1e-06
Kevin Trapp,140.0,67267,0.6727,140336955.71,1e-06
